Name,Domain,City,State,Country
"CarMax, Inc.",www.carmax.com,RICHMOND,VA,USA
Momentive Performance Materials Inc.,www.momentive.com,COLUMBUS,OH,USA
Celanese Corporation,www.celanese.com,IRVING,TX,USA
"Omnicare, Inc.",www.omnicare.com,CINCINNATI,OH,USA
W.R. Berkley Corporation,www.wrberkley.com,GREENWICH,CT,USA
Louisiana-Pacific Corporation,www.lpcorp.com,HOULTON,ME,USA
Ball Corporation,www.ball.com,BROOMFIELD,CO,USA
"TreeHouse Foods, Inc.",www.treehousefoods.com,OAK BROOK,IL,USA
PHH Corporation,www.phh.com,MOUNT LAUREL,NJ,USA
"Cinemark Holdings, Inc.",www.cinemark.com,PLANO,TX,USA
Towers Watson & Co.,www.towerswatson.com,NEW YORK,NY,USA
Norfolk Southern Corporation,www.nscorp.com,NORFOLK,VA,USA
"Titan International, Inc.",www.titan-intl.com,QUINCY,IL,USA
"Magellan Health Services, Inc.",www.magellanhealth.com,AVON,CT,USA
"SandRidge Energy, Inc.",www.sandridgeenergy.com,OKLAHOMA CITY,OK,USA
TravelCenters of America LLC,www.tatravelcenters.com,WESTLAKE,OH,USA
TransDigm Group Incorporated,www.transdigm.com,CLEVELAND,OH,USA
Xcel Energy Inc.,www.xcelenergy.com,MINNEAPOLIS,MN,USA
"Genworth Financial, Inc.",www.genworth.com,RICHMOND,VA,USA
Plexus Corp.,www.plexus.com,NEENAH,WI,USA
IAC/InterActiveCorp,www.iac.com,NEW YORK,NY,USA
"Citrix Systems, Inc.",www.citrix.com,FORT LAUDERDALE,FL,USA
Huntington Bancshares Incorporated,www.huntington.com,COLUMBUS,OH,USA
Moog Inc.,www.moog.com,EAST AURORA,NY,USA
CHS Inc.,www.chsinc.com,INVER GROVE HEIGHTS,MN,USA
"Rush Enterprises, Inc.",www.rushenterprises.com,NEW BRAUNFELS,TX,USA
Teledyne Technologies Incorporated,www.teledyne.com,THOUSAND OAKS,CA,USA
"General Mills, Inc.",www.generalmills.com,MINNEAPOLIS,MN,USA
"CenterPoint Energy, Inc.",www.centerpointenergy.com,HOUSTON,TX,USA
Citigroup,www.citigroup.com,NEW YORK,NY,USA
Northeast Utilities,www.nu.com,GREENVILLE,NY,USA
Albemarle Corporation,www.albemarle.com,BATON ROUGE,LA,USA
Nationwide Mutual Insurance Co.,www.nationwide.com,CHARLESTON,WV,USA
Northern Trust Corporation,www.northerntrust.com,CHICAGO,IL,USA
Omnicom Group Inc.,www.omnicomgroup.com,NEW YORK,NY,USA
CACI International Inc.,www.caci.com,ARLINGTON,VA,USA
Equity Residential,www.equityresidential.com,TUKWILA,WA,USA
Liberty Media Corporation,www.libertymedia.com,ENGLEWOOD,CO,USA
"Selective Insurance Group, Inc.",www.selective.com,BRANCHVILLE,NJ,USA
TIAA-CREF,www.tiaa-cref.org,NEW YORK,NY,USA
"Synopsys, Inc.",www.synopsys.com,HARVEY,LA,USA
"Weis Markets, Inc.",www.weismarkets.com,SUNBURY,PA,USA
Chemtura Corporation,www.chemtura.com,WATERBURY,CT,USA
DeVry Education Group Inc.,www.devryinc.com,DOWNERS GROVE,IL,USA
"Delta Air Lines, Inc.",www.delta.com,ATLANTA,GA,USA
"Asbury Automotive Group, Inc.",www.asburyauto.com,DULUTH,GA,USA
"Green Plains Renewable Energy, Inc.",www.gpreinc.com,MCKINNEY,TX,USA
Lincoln National Corporation,www.lfg.com,PHILADELPHIA,PA,USA
Huntsman Corporation,www.huntsman.com,SALT LAKE CITY,UT,USA
"Church & Dwight Co., Inc.",www.churchdwight.com,EWING,NJ,USA
KLA-Tencor Corporation,www.kla-tencor.com,MILPITAS,CA,USA
Tutor Perini Corporation,www.tutorperini.com,SYLMAR,CA,USA
Navistar International Corporation,www.navistar.com,LISLE,IL,USA
Alleghany Corporation,www.alleghany.com,NEW YORK,NY,USA
Crown Castle International Corp.,www.crowncastle.com,HOUSTON,TX,USA
BlueLinx Holdings Inc.,www.bluelinxco.com,ATLANTA,GA,USA
HNI Corporation,www.hnicorp.com,MUSCATINE,IA,USA
"Legg Mason, Inc.",www.leggmason.com,BALTIMORE,MD,USA
PVH Corp.,www.pvh.com,NEW YORK,NY,USA
"J. Crew Group, Inc.",www.jcrew.com,NEW YORK,NY,USA
"Coach, Inc.",www.coach.com,NEW YORK,NY,USA
"TECO Energy, Inc.",www.tecoenergy.com,TAMPA,FL,USA
"Carter's, Inc.",www.carters.com,ATLANTA,GA,USA
"Alliance Holdings GP, L.P.",www.ahgp.com,TULSA,OK,USA
DISH Network Corporation,www.dish.com,ENGLEWOOD,CO,USA
Amgen Inc.,www.amgen.com,THOUSAND OAKS,CA,USA
Regal Entertainment Group,www.regmovies.com,KNOXVILLE,TN,USA
"MWI Veterinary Supply, Inc.",www.mwivet.com,BOISE,ID,USA
Dana Holding Corporation,www.dana.com,MAUMEE,OH,USA
The Goodyear Tire & Rubber Company,www.goodyear.com,AKRON,OH,USA
"W.W. Grainger, Inc.",www.grainger.com,AUSTIN,TX,USA
"Autoliv, Inc.",www.autoliv.com,OGDEN,UT,USA
Thrivent Financial for Lutherans,www.thrivent.com,MINNEAPOLIS,MN,USA
MRC Global Inc.,www.mrcglobal.com,HOUSTON,TX,USA
"KBR, Inc.",www.kbr.com,HOUSTON,TX,USA
"Nordstrom, Inc.",www.nordstrom.com,SEATTLE,WA,USA
Sealed Air Corporation,www.sealedair.com,ELMWOOD PARK,NJ,USA
INTL FCStone Inc.,www.intlfcstone.com,NEW YORK,NY,USA
"Spectrum Group International, Inc.",www.spectrumgi.com,IRVINE,CA,USA
"Kinder Morgan, Inc.",www.kindermorgan.com,HOUSTON,TX,USA
Loews Corporation,www.loews.com,NEW YORK,NY,USA
Visteon Corporation,www.visteon.com,VAN BUREN TWP,MI,USA
"NetApp, Inc.",www.netapp.com,SUNNYVALE,CA,USA
"Willbros Group, Inc.",www.willbros.com,HOUSTON,TX,USA
"Trinity Industries, Inc.",www.trin.net,DALLAS,TX,USA
"Cisco Systems, Inc.",www.cisco.com,SAN JOSE,CA,USA
"GNC Holdings, Inc.",www.gnc.com,CAMP HILL,PA,USA
ON Semiconductor Corporation,www.onsemi.com,PHOENIX,AZ,USA
"MasTec, Inc.",www.mastec.com,CORAL GABLES,FL,USA
"Mohawk Industries, Inc.",www.mohawkind.com,CALHOUN,GA,USA
Qualcomm Incorporated,www.qualcomm.com,SAN DIEGO,CA,USA
SunPower Corporation,www.sunpower.com,ATHENS,OH,USA
Illinois Tool Works Inc.,www.itw.com,GLENVIEW,IL,USA
CIGNA Corporation,www.cigna.com,BLOOMFIELD,CT,USA
Panera Bread Company,www.panerabread.com,SAINT LOUIS,MO,USA
Fannie Mae,www.fanniemae.com,WASHINGTON,DC,USA
"Paychex, Inc.",www.paychex.com,ROCHESTER,NY,USA
"Avis Budget Group, Inc.",www.avisbudgetgroup.com,PARSIPPANY,NJ,USA
AECOM Technology Corporation,www.aecom.com,LOS ANGELES,CA,USA
"ARRIS Group, Inc.",www.arrisi.com,SUWANEE,GA,USA
Apache Corporation,www.apachecorp.com,HOUSTON,TX,USA
Global Partners LP,www.globalp.com,WALTHAM,MA,USA
General Cable Corporation,www.generalcable.com,HIGHLAND HEIGHTS,KY,USA
Meritor Inc.,www.meritor.com,HIGH POINT,NC,USA
FirstEnergy Corp.,www.firstenergycorp.com,AKRON,OH,USA
OGE Energy Corp.,www.oge.com,OKLAHOMA CITY,OK,USA
"Nexeo Solutions Holdings, LLC",www.nexeosolutions.com,DUBLIN,OH,USA
The Brink's Company,www.brinks.com,ORLANDO,FL,USA
Universal American Corp.,www.universalamerican.com,BEDFORD,TX,USA
American Express Company,www.americanexpress.com,NEW YORK,NY,USA
Chevron,www.chevron.com,SAN RAMON,CA,USA
Amica Mutual Insurance Co.,www.amica.com,LINCOLN,RI,USA
IDEX Corporation,www.idexcorp.com,LAKE FOREST,IL,USA
"Annaly Capital Management, Inc.",www.annaly.com,NEW YORK,NY,USA
"Expedia, Inc.",www.expediainc.com,NEW YORK,NY,USA
AGL Resources Inc.,www.aglresources.com,ATLANTA,GA,USA
Exide Technologies,www.exide.com,MILTON,GA,USA
UGI Corporation,www.ugicorp.com,KING OF PRUSSIA,PA,USA
"ONEOK, Inc.",www.oneok.com,TULSA,OK,USA
Olin Corporation,www.olin.com,CLAYTON,MO,USA
Aleris Corporation,www.aleris.com,BEACHWOOD,OH,USA
Anixter International Inc.,www.anixter.com,GLENVIEW,IL,USA
General Dynamics Corporation,www.generaldynamics.com,FALLS CHURCH,VA,USA
The Coca-Cola Company,www.coca-colacompany.com,DULUTH,MN,USA
Genuine Parts Company,www.genpt.com,ATLANTA,GA,USA
NVIDIA Corporation,www.nvidia.com,SANTA CLARA,CA,USA
"Puget Energy, Inc.",www.pugetenergy.com,BELLEVUE,WA,USA
CIT Group Inc.,www.cit.com,HACKENSACK,NJ,USA
Celgene Corporation,www.celgene.com,SUMMIT,NJ,USA
Aetna Inc.,www.aetna.com,NEW ALBANY,OH,USA
"EMCOR Group, Inc.",www.emcorgroup.com,NORWALK,CT,USA
"Roundy's, Inc.",www.roundys.com,MILWAUKEE,WI,USA
Wisconsin Energy Corporation,www.wisconsinenergy.com,MILWAUKEE,WI,USA
"LVB Acquisition, Inc.",www.biomet.com,WARSAW,IN,USA
Old Republic International Corporation,www.oldrepublic.com,CHICAGO,IL,USA
CareFusion Corporation,www.carefusion.com,SAN DIEGO,CA,USA
Baxter International Inc.,www.baxter.com,OMAHA,NE,USA
"Land O'Lakes, Inc.",www.landolakesinc.com,ARDEN HILLS,MN,USA
The Wendy's Company,www.aboutwendys.com,DUBLIN,OH,USA
Steelcase Inc.,www.steelcase.com,GRAND RAPIDS,MI,USA
Boston Scientific Corporation,www.bostonscientific.com,NATICK,MA,USA
Sears Holdings Corporation,www.searsholdings.com,HOFFMAN ESTATES,IL,USA
Markel Corporation,www.markelcorp.com,GLEN ALLEN,VA,USA
"Apollo Global Management, LLC",www.agm.com,NEW YORK,NY,USA
United States Steel Corporation,www.ussteel.com,PITTSBURGH,PA,USA
Science Applications International Corp,www.saic.com,MC LEAN,VA,USA
Sonoco Products Company,www.sonoco.com,HARTSVILLE,SC,USA
"Staples, Inc.",www.staples.com,FRAMINGHAM,MA,USA
Pfizer,www.pfizer.com,NEW YORK,NY,USA
"Securian Financial Group, Inc.",www.securian.com,SAINT PAUL,MN,USA
Erie Insurance Group,www.erieinsurance.com,ERIE,PA,USA
"First Solar, Inc.",www.firstsolar.com,TEMPE,AZ,USA
Factory Mutual Insurance Company,www.fmglobal.com,JOHNSTON,RI,USA
Whirlpool Corporation,www.whirlpoolcorp.com,BENTON HARBOR,MI,USA
Targa Resources Corp.,www.targaresources.com,HOUSTON,TX,USA
Outerwall Inc.,www.outerwall.com,BELLEVUE,WA,USA
"WellCare Health Plans, Inc.",www.wellcare.com,TAMPA,FL,USA
"Applied Materials, Inc.",www.appliedmaterials.com,SANTA CLARA,CA,USA
"Stericycle, Inc.",www.stericycle.com,LAKE FOREST,IL,USA
Cabela's Incorporated,www.cabelas.com,SIDNEY,NE,USA
Unisys Corporation,www.unisys.com,BLUE BELL,PA,USA
"Envision Healthcare Holdings, Inc.",www.evhc.net,GREENWOOD VILLAGE,CO,USA
Laboratory Corporation of America Holdings,www.labcorp.com,BURLINGTON,NC,USA
Cognizant Technology Solutions Corporation,www.cognizant.com,TEANECK,NJ,USA
E*Trade Financial Corporation,www.etrade.com,NEW YORK,NY,USA
SLM Corporation,www.salliemae.com,NEWARK,DE,USA
"Regeneron Pharmaceuticals, Inc.",www.regeneron.com,TARRYTOWN,NY,USA
Lockheed Martin Corporation,www.lockheedmartin.com,ARLINGTON,VA,USA
"AutoNation, Inc.",www.autonation.com,FORT LAUDERDALE,FL,USA
"Michael Foods Group, Inc",www.michaelfoods.com,MINNETONKA,MN,USA
"Marsh & McLennan Companies, Inc.",www.mmc.com,NEW YORK,NY,USA
Polaris Industries Inc.,www.polaris.com,MEDINA,MN,USA
"Casey's General Stores, Inc.",www.caseys.com,ANKENY,IA,USA
Northrop Grumman Corporation,www.northropgrumman.com,SAN DIEGO,CA,USA
Covance Inc.,www.covance.com,PRINCETON,NJ,USA
EQT Corporation,www.eqt.com,PITTSBURGH,PA,USA
"Franklin Resources, Inc.",www.franklinresources.com,SAN MATEO,CA,USA
"Insperity, Inc.",www.insperity.com,KINGWOOD,TX,USA
"Hertz Global Holdings, Inc.",www.hertz.com,PARK RIDGE,NJ,USA
Trimble Navigation Limited,www.trimble.com,SUNNYVALE,CA,USA
McKesson,www.mckesson.com,SAN FRANCISCO,CA,USA
BB&T Corporation,www.bbt.com,HIALEAH,FL,USA
"Genesis Energy, L.P.",www.genesisenergy.com,HOUSTON,TX,USA
"Valhi, Inc.",www.valhi.net,DALLAS,TX,USA
Fluor Corporation,www.fluor.com,IRVING,TX,USA
Morgan Stanley,www.morganstanley.com,NEW YORK,NY,USA
Emeritus Corporation,www.emeritus.com,SEATTLE,WA,USA
"The NASDAQ OMX Group, Inc.",www.nasdaqomx.com,NEW YORK,NY,USA
"Wynn Resorts, Limited",www.wynnresorts.com,LAS VEGAS,NV,USA
Ryerson Holding Corporation,www.ryerson.com,CHICAGO,IL,USA
"Group 1 Automotive, Inc.",www.group1auto.com,DANVERS,MA,USA
Symantec Corporation,www.symantec.com,MOUNTAIN VIEW,CA,USA
"Equinix, Inc.",www.equinix.com,REDWOOD CITY,CA,USA
"Armstrong World Industries, Inc.",www.armstrong.com,LANCASTER,PA,USA
Time Warner Cable Inc.,www.twc.com,CONCORD,NC,USA
"Publix Super Markets, Inc.",www.publix.com,LAKELAND,FL,USA
Xerox Corporation,www.xerox.com,NORWALK,CT,USA
Parker-Hannifin Corporation,www.parker.com,CLEVELAND,OH,USA
Procter & Gamble,www.pg.com,CINCINNATI,OH,USA
"Arrow Electronics, Inc",www.arrow.com,ENGLEWOOD,CO,USA
"Autodesk, Inc.",www.autodesk.com,SAN FRANCISCO,CA,USA
"Penske Automotive Group, Inc.",www.penskeautomotive.com,BLOOMFIELD HILLS,MI,USA
R.R. Donnelley & Sons Company,www.rrdonnelley.com,HARRISBURG,PA,USA
"Charter Communications, Inc.",www.charter.com,SAINT LOUIS,MO,USA
Moody's Corporation,www.moodys.com,NEW YORK,NY,USA
PACCAR Inc,www.paccar.com,BELLEVUE,WA,USA
"SunEdison, Inc.",www.sunedison.com,SAINT PETERS,MO,USA
"Marriott International, Inc.",www.marriott.com,BETHESDA,MD,USA
Guardian Life Ins. Co. of America,www.guardianlife.com,NEW YORK,NY,USA
"Patterson-UTI Energy, Inc.",www.patenergy.com,HOUSTON,TX,USA
United Refining Company,www.urc.com,WARREN,PA,USA
Visa Inc.,www.corporate.visa.com,SAN FRANCISCO,CA,USA
Freeport-McMoRan Copper & Gold Inc.,www.fcx.com,PHOENIX,AZ,USA
Adobe Systems Incorporated,www.adobe.com,SAN JOSE,CA,USA
"St. Jude Medical, Inc.",www.sjm.com,SAINT PAUL,MN,USA
Republic Airways Holdings Inc.,www.rjet.com,INDIANAPOLIS,IN,USA
"CH2M HILL Companies, Ltd.",www.ch2m.com,ENGLEWOOD,CO,USA
"BlackRock, Inc.",www.blackrock.com,NEW YORK,NY,USA
"B/E Aerospace, Inc.",www.beaerospace.com,WELLINGTON,FL,USA
AmerisourceBergen,www.amerisourcebergen.com,CHESTERBROOK,PA,USA
Dow Chemical,www.dow.com,MIDLAND,MI,USA
A.O. Smith Corporation,www.aosmith.com,MILWAUKEE,WI,USA
"Watsco, Inc.",www.watsco.com,COCONUT GROVE,FL,USA
"The Hanover Insurance Group, Inc.",www.hanover.com,WORCESTER,MA,USA
Centene Corporation,www.centene.com,SAINT LOUIS,MO,USA
Sysco Corporation,www.sysco.com,HOUSTON,TX,USA
PPL Corporation,www.pplweb.com,ALLENTOWN,PA,USA
"Quad/Graphics, Inc.",www.qg.com,SUSSEX,WI,USA
Mead Johnson Nutrition Company,www.meadjohnson.com,GLENVIEW,IL,USA
Alcoa Inc.,www.alcoa.com,NEW YORK,NY,USA
H.B. Fuller Company,www.hbfuller.com,SAINT PAUL,MN,USA
Kimberly-Clark Corporation,www.kimberly-clark.com,IRVING,TX,USA
"Maxim Integrated Products, Inc.",www.maximintegrated.com,CHAMPAIGN,IL,USA
"HSN, Inc.",www.hsni.com,SAINT PETERSBURG,FL,USA
Westinghouse Air Brake Technologies Corp,www.wabtec.com,WILMERDING,PA,USA
The Sherwin-Williams Company,www.sherwin.com,DOWNINGTOWN,PA,USA
"Kindred Healthcare, Inc.",www.kindredhealthcare.com,LOUISVILLE,KY,USA
Protective Life Corporation,www.protective.com,BIRMINGHAM,AL,USA
"Insight Enterprises, Inc.",www.insight.com,TEMPE,AZ,USA
"salesforce.com, inc.",www.salesforce.com,SAN FRANCISCO,CA,USA
"Roper Industries, Inc.",www.roperind.com,LAKEWOOD RANCH,FL,USA
CBS Corporation,www.cbscorporation.com,NEW YORK,NY,USA
DaVita HealthCare Partners Inc.,www.davita.com,DENVER,CO,USA
"Kelly Services, Inc.",www.kellyservices.com,TROY,MI,USA
KKR & Co. L.P.,www.kkr.com,NEW YORK,NY,USA
"Smithfield Foods, Inc.",www.smithfieldfoods.com,SMITHFIELD,VA,USA
Masco Corporation,www.masco.com,TAYLOR,MI,USA
Occidental Petroleum Corporation,www.oxy.com,LOS ANGELES,CA,USA
"Huntington Ingalls Industries, Inc.",www.huntingtoningalls.com,NEWPORT NEWS,VA,USA
"Chipotle Mexican Grill, Inc.",www.chipotle.com,DENVER,CO,USA
Entergy Corporation,www.entergy.com,NEW ORLEANS,LA,USA
"Brown Shoe Company, Inc.",www.brownshoe.com,SAINT LOUIS,MO,USA
"Penn National Gaming, Inc.",www.pngaming.com,WYOMISSING,PA,USA
KB Home,www.kbhome.com,LOS ANGELES,CA,USA
"Motorola Solutions, Inc.",www.motorolasolutions.com,CORAOPOLIS,PA,USA
Belden Inc.,www.belden.com,SAINT LOUIS,MO,USA
NuStar Energy L.P.,www.nustarenergy.com,SAN ANTONIO,TX,USA
Marathon Petroleum,www.marathonpetroleum.com,FINDLAY,OH,USA
"Amkor Technology, Inc.",www.amkor.com,CHANDLER,AZ,USA
Monsanto Company,www.monsanto.com,MONTICELLO,IN,USA
"BMC Software, Inc.",www.bmc.com,HOUSTON,TX,USA
"Crosstex Energy, Inc.",www.enlink.com,DALLAS,TX,USA
Pinnacle Foods Inc.,www.pinnaclefoods.com,MOUNTAIN LAKES,NJ,USA
"Steel Dynamics, Inc.",www.steeldynamics.com,FORT WAYNE,IN,USA
"Alaska Air Group, Inc.",www.alaskaair.com,SEATAC,WA,USA
Ford Motor,www.ford.com,DEARBORN,MI,USA
International Business Machines,www.ibm.com,ARMONK,NY,USA
"Brocade Communications Systems, Inc.",www.brocade.com,SAN JOSE,CA,USA
SM Energy Company,www.sm-energy.com,BILLINGS,MT,USA
"DST Systems, Inc.",www.dstsystems.com,KANSAS CITY,MO,USA
"Clean Harbors, Inc.",www.cleanharbors.com,NORWELL,MA,USA
"J.B. Hunt Transport Services, Inc.",www.jbhunt.com,LOWELL,AR,USA
"Nike, Inc.",www.nikeinc.com,BEAVERTON,OR,USA
"Vishay Intertechnology, Inc.",www.vishay.com,MALVERN,PA,USA
New Jersey Resources Corporation,www.njresources.com,WALL TOWNSHIP,NJ,USA
"WPX Energy, Inc.",www.wpxenergy.com,TULSA,OK,USA
"Level 3 Communications, Inc.",www.level3.com,BROOMFIELD,CO,USA
The Charles Schwab Corporation,www.aboutschwab.com,PORTLAND,OR,USA
"Thor Industries, Inc.",www.thorindustries.com,ELKHART,IN,USA
ABM Industries Incorporated,www.abm.com,NEW YORK,NY,USA
"Advanced Micro Devices, Inc.",www.amd.com,SUNNYVALE,CA,USA
FedEx Corporation,www.fedex.com,MEMPHIS,TN,USA
"General Growth Properties, Inc.",www.ggp.com,CHICAGO,IL,USA
Primoris Services Corporation,www.prim.com,DALLAS,TX,USA
"Woodward, Inc.",www.woodward.com,FORT COLLINS,CO,USA
Teradata Corporation,www.teradata.com,DAYTON,OH,USA
Seaboard Corporation,www.seaboardcorp.com,SHAWNEE MISSION,KS,USA
Intuit Inc.,www.intuit.com,MOUNTAIN VIEW,CA,USA
International Game Technology,www.igt.com,LAS VEGAS,NV,USA
Anadarko Petroleum Corporation,www.anadarko.com,THE WOODLANDS,TX,USA
"The Andersons, Inc.",www.andersonsinc.com,MAUMEE,OH,USA
SPX Corporation,www.spx.com,CHARLOTTE,NC,USA
The Mosaic Company,www.mosaicco.com,MACOMB,IL,USA
Levi Strauss & Co.,www.levistrauss.com,SAN FRANCISCO,CA,USA
Rock-Tenn Company,www.rocktenn.com,NORCROSS,GA,USA
"Springleaf Holdings, Inc.",www.springleaf.com,EVANSVILLE,IN,USA
Colfax Corporation,www.colfaxcorp.com,FULTON,MD,USA
"SkyWest, Inc.",www.skywest.com,SAINT GEORGE,UT,USA
"WESCO International, Inc.",www.wesco.com,PITTSBURGH,PA,USA
"Rockwell Collins, Inc.",www.rockwellcollins.com,CEDAR RAPIDS,IA,USA
"Yum! Brands, Inc.",www.yum.com,LOUISVILLE,KY,USA
"Medtronic, Inc.",www.medtronic.com,MINNEAPOLIS,MN,USA
Verizon Communications,www.verizon.com,NEW YORK,NY,USA
"Exterran Holdings, Inc.",www.exterran.com,HOUSTON,TX,USA
Ocwen Financial Corporation,www.ocwen.com,ATLANTA,GA,USA
Bristol-Myers Squibb Company,www.bms.com,NEW YORK,NY,USA
"Avnet, Inc.",www.avnet.com,PHOENIX,AZ,USA
Eastman Chemical Company,www.eastman.com,KINGSPORT,TN,USA
Tenet Healthcare Corporation,www.tenethealth.com,DALLAS,TX,USA
Crane Co.,www.craneco.com,STAMFORD,CT,USA
"Facebook, Inc.",www.facebook.com,MENLO PARK,CA,USA
"Zimmer Holdings, Inc.",www.zimmer.com,WARSAW,IN,USA
"MEDNAX, Inc.",www.mednax.com,SUNRISE,FL,USA
Ralph Lauren Corporation,www.ralphlauren.com,NEW YORK,NY,USA
Mercury General Corporation,www.mercuryinsurance.com,LOS ANGELES,CA,USA
Equifax Inc.,www.equifax.com,ATLANTA,GA,USA
The J.M. Smucker Company,www.smucker.com,ORRVILLE,OH,USA
"Agilent Technologies, Inc.",www.agilent.com,SANTA CLARA,CA,USA
"Merck & Co., Inc.",www.merck.com,WHITE HSE STA,NJ,USA
"Cracker Barrel Old Country Store, Inc.",www.crackerbarrel.com,LEBANON,TN,USA
United Services Automobile Association,www.usaa.com,SAN ANTONIO,TX,USA
"Fossil Group, Inc.",www.fossilgroup.com,RICHARDSON,TX,USA
Amphenol Corporation,www.amphenol.com,WALLINGFORD,CT,USA
Leucadia National Corporation,www.leucadia.com,NEW YORK,NY,USA
"L-3 Communications Holdings, Inc.",www.l-3com.com,NEW YORK,NY,USA
SunGard Data Systems Inc.,www.sungard.com,WAYNE,PA,USA
"Allergan, Inc.",www.allergan.com,IRVINE,CA,USA
"The Interpublic Group of Companies, Inc.",www.interpublic.com,SAINT LOUIS,MO,USA
"Superior Energy Services, Inc.",www.superiorenergy.com,BROUSSARD,LA,USA
E.I. du Pont de Nemours and Company,www.dupont.com,WILMINGTON,DE,USA
"ConAgra Foods, Inc.",www.conagrafoods.com,MARION,OH,USA
"Benchmark Electronics, Inc.",www.bench.com,ANGLETON,TX,USA
Brown-Forman Corporation,www.brown-forman.com,DUBLIN,OH,USA
"O'Reilly Automotive, Inc.",www.oreillyauto.com,SPRINGFIELD,MO,USA
SanDisk Corporation,www.sandisk.com,MILPITAS,CA,USA
"PetSmart, Inc.",www.petm.com,ALVIN,TX,USA
Hillshire Brands Company,www.hillshirebrands.com,ALLENTOWN,PA,USA
"Jabil Circuit, Inc.",www.jabil.com,SAINT PETERSBURG,FL,USA
Southwest Airlines Co.,www.southwest.com,TAMPA,FL,USA
Sentry Insurance Group,www.sentry.com,NORTH CHESTERFIELD,VA,USA
Las Vegas Sands Corp.,www.sands.com,LAS VEGAS,NV,USA
"Darden Restaurants, Inc.",www.darden.com,IRVING,TX,USA
Fifth Third Bancorp,www.53.com,CINCINNATI,OH,USA
"NBTY, Inc.",www.nbty.com,RONKONKOMA,NY,USA
"Under Armour, Inc.",www.underarmour.com,BALTIMORE,MD,USA
JetBlue Airways Corporation,www.jetblue.com,FOREST HILLS,NY,USA
"MDU Resources Group, Inc.",www.mdu.com,BISMARCK,ND,USA
"QEP Resources, Inc.",www.qepres.com,DENVER,CO,USA
"National Oilwell Varco, Inc.",www.nov.com,HOUSTON,TX,USA
Cardinal Health,www.cardinal.com,ALBANY,IN,USA
"Micron Technology, Inc.",www.micron.com,NAMPA,ID,USA
"Principal Financial Group, Inc.",www.principal.com,DES MOINES,IA,USA
"Oceaneering International, Inc.",www.oceaneering.com,HOUSTON,TX,USA
W.R. Grace & Co.,www.grace.com,COLUMBIA,MD,USA
"Valmont Industries, Inc.",www.valmont.com,OMAHA,NE,USA
AOL Inc.,www.corp.aol.com,BROOKLYN,NY,USA
USG Corporation,www.usg.com,CHICAGO,IL,USA
"Air Products & Chemicals, Inc.",www.airproducts.com,ALLENTOWN,PA,USA
"Henry Schein, Inc.",www.henryschein.com,MELVILLE,NY,USA
"IMS Health Holdings, Inc.",www.imshealth.com,DANBURY,CT,USA
YRC Worldwide Inc.,www.yrcw.com,OVERLAND PARK,KS,USA
"Harley-Davidson, Inc.",www.harley-davidson.com,MILWAUKEE,WI,USA
Hyatt Hotels Corporation,www.hyatt.com,CHICAGO,IL,USA
Lehigh Gas Partners LP,www.lehighgaspartners.com,ALLENTOWN,PA,USA
Stater Bros. Holdings Inc.,www.staterbros.com,SAN BERNARDINO,CA,USA
"Ferrellgas Partners, L.P.",www.ferrellgas.com,OVERLAND PARK,KS,USA
PolyOne Corporation,www.polyone.com,AVON LAKE,OH,USA
Tech Data Corporation,www.techdata.com,CLEARWATER,FL,USA
Ally Financial Inc.,www.ally.com,DETROIT,MI,USA
"Mueller Industries, Inc.",www.muellerindustries.com,MEMPHIS,TN,USA
Kennametal Inc.,www.kennametal.com,LATROBE,PA,USA
Wyndham Worldwide Corporation,www.wyndhamworldwide.com,PARSIPPANY,NJ,USA
EchoStar Corporation,www.echostar.com,ENGLEWOOD,CO,USA
Hubbell Incorporated,www.hubbell.com,SHELTON,CT,USA
"American Axle & Manufacturing Holdings, Inc.",www.aam.com,DETROIT,MI,USA
"Expeditors International of Washington, Inc.",www.expeditors.com,SEATTLE,WA,USA
Cerner Corporation,www.cerner.com,KANSAS CITY,MO,USA
"Sanderson Farms, Inc.",www.sandersonfarms.com,LAUREL,MS,USA
"A. Schulman, Inc.",www.aschulman.com,SOUTH BEND,IN,USA
"Old Dominion Freight Line, Inc.",www.odfl.com,THOMASVILLE,NC,USA
"Landstar System, Inc.",www.landstar.com,JACKSONVILLE,FL,USA
Apple,www.apple.com,CUPERTINO,CA,USA
Sempra Energy,www.sempra.com,SAN DIEGO,CA,USA
"Belk, Inc.",www.belk.com,CHARLOTTE,NC,USA
"Varian Medical Systems, Inc.",www.varian.com,PALO ALTO,CA,USA
"Energy Transfer Equity, L.P.",www.energytransfer.com,DALLAS,TX,USA
"Tempur Sealy International, Inc.",www.tempursealy.com,LEXINGTON,KY,USA
"Crown Holdings, Inc.",www.crowncork.com,PHILADELPHIA,PA,USA
Oracle Corporation,www.oracle.com,REDWOOD CITY,CA,USA
"Team Health Holdings, Inc.",www.teamhealth.com,KNOXVILLE,TN,USA
"Hawaiian Electric Industries, Inc.",www.hei.com,HONOLULU,HI,USA
AT&T,www.att.com,DALLAS,TX,USA
Curtiss-Wright Corporation,www.curtisswright.com,CHARLOTTE,NC,USA
Precision Castparts Corp.,www.precast.com,PORTLAND,OR,USA
"Xilinx, Inc.",www.xilinx.com,SAN JOSE,CA,USA
"The Pantry, Inc.",www.thepantry.com,COLUMBIA,SC,USA
Danaher Corporation,www.danaher.com,WASHINGTON,DC,USA
The Clorox Company,www.thecloroxcompany.com,OAKLAND,CA,USA
Graphic Packaging Holding Company,www.graphicpkg.com,MARIETTA,GA,USA
"Lorillard, Inc.",www.lorillard.com,GREENSBORO,NC,USA
"Itron, Inc.",www.itron.com,LIBERTY LAKE,WA,USA
"The Pep Boys - Manny, Moe & Jack",www.pepboys.com,PHILADELPHIA,PA,USA
Humana Inc.,www.humana.com,LOUISVILLE,KY,USA
"Tesla Motors, Inc.",www.teslamotors.com,PALO ALTO,CA,USA
"American Financial Group, Inc.",www.afginc.com,FRESNO,CA,USA
"PC Connection, Inc.",www.pcconnection.com,MERRIMACK,NH,USA
Mutual of America Life Insurance Company,www.mutualofamerica.com,NEW YORK,NY,USA
Coty Inc.,www.coty.com,MINNEAPOLIS,MN,USA
RPM International Inc.,www.rpminc.com,MEDINA,OH,USA
First Data Corporation,www.firstdata.com,TORONTO,OH,USA
CDW Corporation,www.cdw.com,VERNON HILLS,IL,USA
"The Bon-Ton Stores, Inc.",www.bonton.com,YORK,PA,USA
Terex Corporation,www.terex.com,WESTPORT,CT,USA
Kohl's Corporation,www.kohlscorporation.com,ALLEN,TX,USA
ConocoPhillips,www.conocophillips.com,HOUSTON,TX,USA
CVS Caremark,info.cvscaremark.com,BEECH ISLAND,SC,USA
"Apollo Education Group, Inc.",www.apollogrp.edu,PHOENIX,AZ,USA
Jones Lang LaSalle Incorporated,www.jll.com,CHICAGO,IL,USA
"Airgas, Inc.",www.airgas.com,RADNOR,PA,USA
"Lexmark International, Inc.",www.lexmark.com,LEXINGTON,KY,USA
Cummins Inc.,www.cummins.com,COLUMBUS,IN,USA
Ameren Corporation,www.ameren.com,SAINT LOUIS,MO,USA
"Altria Group, Inc.",www.altria.com,RICHMOND,VA,USA
Broadcom Corporation,www.broadcom.com,IRVINE,CA,USA
"Raymond James Financial, Inc.",www.raymondjames.com,BALA CYNWYD,PA,USA
"The Hartford Financial Services Group, Inc.",www.thehartford.com,HARTFORD,CT,USA
Convergys Corporation,www.convergys.com,CINCINNATI,OH,USA
Lennar Corporation,www.lennar.com,MIAMI,FL,USA
"Nortek, Inc.",www.nortekinc.com,KINGWOOD,TX,USA
"Fiserv, Inc.",www.fiserv.com,BROOKFIELD,WI,USA
DTE Energy Company,www.dteenergy.com,DETROIT,MI,USA
"Westar Energy, Inc.",www.westarenergy.com,TOPEKA,KS,USA
"Host Hotels & Resorts, Inc.",www.hosthotels.com,BETHESDA,MD,USA
Target,www.target.com,MINNEAPOLIS,MN,USA
"CC Media Holdings, Inc.",www.clearchannel.com,SAN ANTONIO,TX,USA
Exxon Mobil,www.exxonmobil.com,IRVING,TX,USA
Marathon Oil Corporation,www.marathonoil.com,HOUSTON,TX,USA
Murphy Oil Corporation,www.murphyoilcorp.com,EL DORADO,AR,USA
Momentive Specialty Chemicals Inc.,www.momentive.com,COLUMBUS,OH,USA
KeyCorp,www.key.com,CLEVELAND,OH,USA
Halliburton Company,www.halliburton.com,HOUSTON,TX,USA
"HCA Holdings, Inc.",www.hcahealthcare.com,NASHVILLE,TN,USA
Public Service Enterprise Group Incorporated,www.pseg.com,NEWARK,NJ,USA
"Ross Stores, Inc.",www.rossstores.com,DUBLIN,CA,USA
The AES Corporation,www.aes.com,ARLINGTON,VA,USA
Reliance Steel & Aluminum Co.,www.rsac.com,LOS ANGELES,CA,USA
MGM Resorts International,www.mgmresorts.com,LAS VEGAS,NV,USA
COUNTRY Financial,www.countryfinancial.com,BLOOMINGTON,IL,USA
"PriceSmart, Inc.",www.pricesmart.com,SAN DIEGO,CA,USA
"C.R. Bard, Inc.",www.crbard.com,NEW PROVIDENCE,NJ,USA
American Airlines Group Inc.,www.aa.com,FORT WORTH,TX,USA
"Hospira, Inc.",www.hospira.com,LAKE FOREST,IL,USA
"Sprouts Farmers Market, Inc.",www.sprouts.com,BURBANK,CA,USA
Sanmina,www.sanmina.com,SAN JOSE,CA,USA
"NRG Energy, Inc.",www.nrgenergy.com,PRINCETON,NJ,USA
"Assurant, Inc.",www.assurant.com,ALPHARETTA,GA,USA
Cimarex Energy Co.,www.cimarex.com,LINDSAY,OK,USA
"PPG Industries, Inc.",www.ppg.com,PITTSBURGH,PA,USA
"Hub Group, Inc.",www.hubgroup.com,DOWNERS GROVE,IL,USA
Leidos Holdings Inc.,www.leidos.com,FAIRFIELD,NJ,USA
United Stationers Inc.,www.unitedstationers.com,DEERFIELD,IL,USA
"Brinker International, Inc.",www.brinker.com,DALLAS,TX,USA
Microsoft,www.microsoft.com,REDMOND,WA,USA
ManTech International Corporation,www.mantech.com,FAIRFAX,VA,USA
Party City Holdings Inc.,www.partycity.com,CHESAPEAKE,VA,USA
"Acuity Brands, Inc.",www.acuitybrands.com,ATLANTA,GA,USA
"Kraft Foods Group, Inc.",www.kraftfoodsgroup.com,NORTHFIELD,IL,USA
"United Rentals, Inc.",www.ur.com,STAMFORD,CT,USA
Arthur J. Gallagher & Co.,www.ajg.com,ITASCA,IL,USA
Harbinger Group Inc.,www.harbingergroupinc.com,NEW YORK,NY,USA
"American Eagle Outfitters, Inc.",www.ae.com,PITTSBURGH,PA,USA
Auto-Owners Insurance Group,www.auto-owners.com,LANSING,MI,USA
Alere Inc.,www.alere.com,WALTHAM,MA,USA
"CommScope Holding Company, Inc.",www.commscope.com,NEWTON,NC,USA
Axiall Corporation,www.axiall.com,ATLANTA,GA,USA
Kellogg Company,www.kelloggcompany.com,BATTLE CREEK,MI,USA
Dean Foods Company,www.deanfoods.com,DALLAS,TX,USA
Carpenter Technology Corporation,www.cartech.com,WYOMISSING,PA,USA
"Starwood Hotels & Resorts Worldwide, Inc.",www.starwoodhotels.com,STAMFORD,CT,USA
Health Care REIT,www.hcreit.com,BRENTWOOD,TN,USA
Regal Beloit Corporation,www.regalbeloit.com,BELOIT,WI,USA
"Martin Marietta Materials, Inc.",www.martinmarietta.com,RALEIGH,NC,USA
Harman International Industries,www.harman.com,STAMFORD,CT,USA
AAR Corp.,www.aarcorp.com,WOOD DALE,IL,USA
"Ingles Markets, Incorporated",www.ingles-markets.com,BLACK MOUNTAIN,NC,USA
"Western Refining, Inc.",www.wnr.com,EL PASO,TX,USA
Eastman Kodak Company,www.kodak.com,ROCHESTER,NY,USA
New York Life Insurance Company,www.newyorklife.com,SEVEN HILLS,OH,USA
Intel Corporation,www.intel.com,SANTA CLARA,CA,USA
"Live Nation Entertainment, Inc.",www.livenation.com,BEVERLY HILLS,CA,USA
"WGL Holdings, Inc.",www.wglholdings.com,WASHINGTON,DC,USA
Exelis Inc.,www.exelisinc.com,MC LEAN,VA,USA
Lear Corporation,www.lear.com,SOUTHFIELD,MI,USA
"Netflix, Inc.",www.netflix.com,LOS GATOS,CA,USA
"Owens & Minor, Inc.",www.owens-minor.com,MECHANICSVILLE,VA,USA
"StanCorp Financial Group, Inc.",www.stancorpfinancial.com,PORTLAND,OR,USA
"Werner Enterprises, Inc.",www.werner.com,OMAHA,NE,USA
"The Ryland Group, Inc.",www.ryland.com,WESTLAKE VILLAGE,CA,USA
"American Electric Power Company, Inc.",www.aep.com,COLUMBUS,OH,USA
"Waste Connections, Inc.",www.wasteconnections.com,THE WOODLANDS,TX,USA
"Becton, Dickinson and Company",www.bd.com,FRANKLIN LAKES,NJ,USA
Tiffany & Co.,www.tiffany.com,NEW YORK,NY,USA
"Linn Energy, LLC",www.linnenergy.com,BIG SPRING,TX,USA
"Dillard's, Inc.",www.dillards.com,LITTLE ROCK,AR,USA
SCANA Corporation,www.scana.com,CONCORD,NC,USA
"Unified Grocers, Inc.",www.unifiedgrocers.com,LIVERMORE,CA,USA
World Fuel Services Corporation,www.wfscorp.com,DORAL,FL,USA
Amerco,www.amerco.com,RENO,NV,USA
"Oil States International, Inc.",www.oilstatesintl.com,HOUSTON,TX,USA
"Molina Healthcare, Inc.",www.molinahealthcare.com,LONG BEACH,CA,USA
Union Pacific Corporation,www.up.com,OMAHA,NE,USA
"EOG Resources, Inc.",www.eogresources.com,HOUSTON,TX,USA
Warner Music Group Corp.,www.wmg.com,NEW YORK,NY,USA
"The Travelers Companies, Inc.",www.travelers.com,NEW YORK,NY,USA
Devon Energy Corporation,www.devonenergy.com,FREER,TX,USA
TD Ameritrade Holding Corporation,www.amtd.com,OMAHA,NE,USA
Vornado Realty Trust,www.vno.com,NEW YORK,NY,USA
UnitedHealth Group,www.unitedhealthgroup.com,MINNETONKA,MN,USA
"Ventas, Inc.",www.ventasreit.com,CHICAGO,IL,USA
ArcBest Corporation,www.arkbest.com,FORT SMITH,AR,USA
Ciena Corporation,www.ciena.com,HANOVER,MD,USA
"Johnson Controls, Inc.",www.johnsoncontrols.com,MILWAUKEE,WI,USA
"Sonic Automotive, Inc.",www.sonicautomotive.com,CHARLOTTE,NC,USA
Greif,www.greif.com,DELAWARE,OH,USA
"American Tire Distributors Holdings, Inc.",www.atd-us.com,HUNTERSVILLE,NC,USA
Edwards Lifesciences Corporation,www.edwards.com,MEMPHIS,TN,USA
"Affiliated Managers Group, Inc.",www.amg.com,PRIDES CROSSING,MA,USA
Electronic Arts Inc.,www.ea.com,REDWOOD CITY,CA,USA
Exelon Corporation,www.exeloncorp.com,CHICAGO,IL,USA
Molson Coors Brewing Company,www.molsoncoors.com,DENVER,CO,USA
"VWR Funding, Inc.",www.vwr.com,RADNOR,PA,USA
"Donaldson Company, Inc.",www.donaldson.com,BLOOMINGTON,MN,USA
"Whole Foods Market, Inc.",www.wholefoodsmarket.com,SAN FRANCISCO,CA,USA
The Bank of New York Mellon Corporation,www.bnymellon.com,NEW YORK,NY,USA
"T. Rowe Price Group, Inc.",www.troweprice.com,BALTIMORE,MD,USA
Hormel Foods Corporation,www.hormelfoods.com,AUSTIN,MN,USA
HealthSouth Corporation,www.healthsouth.com,BIRMINGHAM,AL,USA
Textron Inc.,www.textron.com,PROVIDENCE,RI,USA
"Mattel, Inc.",www.mattel.com,EL SEGUNDO,CA,USA
"Republic Services, Inc.",www.republicservices.com,PHOENIX,AZ,USA
Alliance Data Systems Corporation,www.alliancedata.com,PLANO,TX,USA
Peabody Energy Corporation,www.peabodyenergy.com,SAINT LOUIS,MO,USA
"Toll Brothers, Inc.",www.tollbrothers.com,HAYMARKET,VA,USA
"Twenty-First Century Fox, Inc.",www.21cf.com,NEW YORK,NY,USA
"Community Health Systems, Inc.",www.chs.net,FRANKLIN,TN,USA
CONSOL Energy Inc.,www.consolenergy.com,PITTSBURGH,PA,USA
PG&E Corporation,www.pge.com,SAN FRANCISCO,CA,USA
The Carlyle Group L.P.,www.carlyle.com,WASHINGTON,DC,USA
"D.R. Horton, Inc.",www.drhorton.com,FORT WORTH,TX,USA
Denbury Resources Inc.,www.denbury.com,PLANO,TX,USA
HollyFrontier Corporation,www.hollyfrontier.com,DALLAS,TX,USA
AGCO Corporation,www.agcocorp.com,DULUTH,GA,USA
Ingredion Incorporated,www.ingredion.com,WESTCHESTER,IL,USA
"American Water Works Company, Inc.",www.amwater.com,VOORHEES,NJ,USA
Biogen Idec Inc.,www.biogenidec.com,CAMBRIDGE,MA,USA
Bank of America,www.bankofamerica.com,CHARLOTTE,NC,USA
"NII Holdings, Inc.",www.nii.com,RESTON,VA,USA
Tractor Supply Company,www.tractorsupply.com,BRENTWOOD,TN,USA
"Alliance One International, Inc.",www.aointl.com,MORRISVILLE,NC,USA
American National Insurance Company,www.anico.com,GALVESTON,TX,USA
WellPoint,www.wellpoint.com,INDIANAPOLIS,IN,USA
Abbott Laboratories,www.abbott.com,ABBOTT PARK,IL,USA
"Bemis Company, Inc.",www.bemis.com,NEENAH,WI,USA
"AptarGroup, Inc.",www.aptar.com,CRYSTAL LAKE,IL,USA
Owens Corning,www.owenscorning.com,TOLEDO,OH,USA
American Tower Corporation,www.americantower.com,BOSTON,MA,USA
Stryker Corporation,www.stryker.com,PORTAGE,MI,USA
Computer Sciences Corporation,www.csc.com,FALLS CHURCH,VA,USA
"Consolidated Edison, Inc.",www.conedison.com,NEW YORK,NY,USA
Caesars Entertainment Corporation,www.caesars.com,LAS VEGAS,NV,USA
"Hologic, Inc.",www.hologic.com,BEDFORD,MA,USA
"Sirva, Inc.",www.sirva.com,OAKBROOK TERRACE,IL,USA
"Juniper Networks, Inc.",www.juniper.net,SUNNYVALE,CA,USA
"AutoZone, Inc.",www.autozone.com,MEMPHIS,TN,USA
"CA, Inc.",www.ca.com,PLYMOUTH MEETING,PA,USA
"PulteGroup, Inc.",www.pultegroupinc.com,BONITA SPRINGS,FL,USA
Google,www.google.com,MOUNTAIN VIEW,CA,USA
"Dollar Tree, Inc.",www.dollartree.com,CHESAPEAKE,VA,USA
"Barnes & Noble, Inc.",www.barnesandnobleinc.com,BLAKELY,GA,USA
Great Plains Energy Incorporated,www.greatplainsenergy.com,KANSAS CITY,MO,USA
"Constellation Brands, Inc.",www.cbrands.com,VICTOR,NY,USA
Comerica Incorporated,www.comerica.com,DALLAS,TX,USA
"Simon Property Group, Inc.",www.simon.com,INDIANAPOLIS,IN,USA
Pinnacle West Capital Corporation,www.pinnaclewest.com,PHOENIX,AZ,USA
Atmos Energy Corporation,www.atmosenergy.com,DALLAS,TX,USA
"PerkinElmer, Inc.",www.perkinelmer.com,WALTHAM,MA,USA
ITT Corporation,www.itt.com,WHITE PLAINS,NY,USA
"Ameriprise Financial, Inc.",www.ameriprise.com,MINNEAPOLIS,MN,USA
CME Group Inc.,www.cmegroup.com,CHICAGO,IL,USA
Thermo Fisher Scientific Inc.,www.thermofisher.com,WALTHAM,MA,USA
Express Scripts Holding,www.express-scripts.com,SAINT LOUIS,MO,USA
Mylan Inc.,www.mylan.com,CANONSBURG,PA,USA
BorgWarner Inc.,www.borgwarner.com,AUBURN HILLS,MI,USA
General Motors,www.gm.com,DETROIT,MI,USA
The Estee Lauder Companies Inc.,www.elcompanies.com,NEW YORK,NY,USA
Public Storage,www.publicstorage.com,GLENDALE,CA,USA
"Graybar Electric Company, Inc.",www.graybar.com,CARRIZO SPRINGS,TX,USA
"Automatic Data Processing, Inc.",www.adp.com,ROSELAND,NJ,USA
"Analog Devices, Inc.",www.analog.com,NORWOOD,MA,USA
"Bloomin' Brands, Inc.",www.bloominbrands.com,TAMPA,FL,USA
Symetra Financial Corporation,www.symetra.com,BELLEVUE,WA,USA
"ScanSource, Inc.",www.scansourceinc.com,GREENVILLE,SC,USA
Reynolds American Inc.,www.reynoldsamerican.com,WINSTON SALEM,NC,USA
"H&R Block, Inc.",www.hrblock.com,KANSAS CITY,MO,USA
"Waste Management, Inc.",www.wm.com,HOUSTON,TX,USA
"The Goldman Sachs Group, Inc.",www.gs.com,SALT LAKE CITY,UT,USA
Xylem Inc.,www.xyleminc.com,RYE BROOK,NY,USA
Icahn Enterprises L.P.,www.ielp.com,NEW YORK,NY,USA
Titan Machinery Inc.,www.titanmachinery.com,WEST FARGO,ND,USA
Newmont Mining Corporation,www.newmont.com,GREENWOOD VILLAGE,CO,USA
CMS Energy Corporation,www.cmsenergy.com,JACKSON,MI,USA
"hhgregg, Inc.",www.hhgregg.com,INDIANAPOLIS,IN,USA
NewMarket Corporation,www.newmarket.com,RICHMOND,VA,USA
"Intuitive Surgical, Inc",www.intuitivesurgical.com,SUNNYVALE,CA,USA
"Ascena Retail Group, Inc.",www.ascenaretail.com,SUFFERN,NY,USA
Texas Instruments Incorporated,www.ti.com,DALLAS,TX,USA
Esterline Technologies Corporation,www.esterline.com,POMONA,CA,USA
Amazon.com,www.amazon.com,SEATTLE,WA,USA
The Blackstone Group L.P.,www.blackstone.com,NEW YORK,NY,USA
Alliant Energy Corporation,www.alliantenergy.com,MADISON,WI,USA
"Gannett Co., Inc.",www.gannett.com,MC LEAN,VA,USA
"Alpha Natural Resources, Inc.",www.alphanr.com,BRISTOL,VA,USA
"Big Lots, Inc.",www.biglots.com,COLUMBUS,OH,USA
"New York Community Bancorp, Inc.",www.mynycb.com,WESTBURY,NY,USA
"Rockwood Holdings, Inc.",www.rocksp.com,PRINCETON,NJ,USA
Cameron International Corporation,www.c-a-m.com,HOUSTON,TX,USA
"Sears Hometown and Outlet Stores, Inc.",www.shos.com,HOFFMAN ESTATES,IL,USA
"CST Brands, Inc.",www.cstbrands.com,SAN ANTONIO,TX,USA
"MSC Industrial Direct Co., Inc.",www.mscdirect.com,HAYWARD,CA,USA
"Express, Inc.",www.express.com,COLUMBUS,OH,USA
Systemax Inc.,www.systemax.com,PORT WASHINGTON,NY,USA
Kemper Corporation,www.kemper.com,CHICAGO,IL,USA
"Hasbro, Inc.",www.hasbro.com,PAWTUCKET,RI,USA
"Energizer Holdings, Inc.",www.energizer.com,SAINT LOUIS,MO,USA
AK Steel Holding Corporation,www.aksteel.com,WEST CHESTER,OH,USA
Kroger,www.thekrogerco.com,BOURBONNAIS,IL,USA
Ingram Micro Inc.,www.ingrammicro.com,SANTA ANA,CA,USA
"The PNC Financial Services Group, Inc.",www.pnc.com,PITTSBURGH,PA,USA
Snap-on Incorporated,www.snapon.com,KENOSHA,WI,USA
"CNO Financial Group, Inc.",www.cnoinc.com,CARMEL,IN,USA
Con-way Inc.,www.con-way.com,ANN ARBOR,MI,USA
"Buckeye Partners, L.P.",www.buckeye.com,HOUSTON,TX,USA
Boeing,www.boeing.com,CHICAGO,IL,USA
"The TJX Companies, Inc.",www.tjx.com,FRAMINGHAM,MA,USA
Liberty Mutual Holding Company Inc.,www.libertymutual.com,BOSTON,MA,USA
"Volt Information Sciences, Inc.",www.volt.com,NEW YORK,NY,USA
"Triumph Group, Inc.",www.triumphgroup.com,BERWYN,PA,USA
The Progressive Corporation,www.progressive.com,MAYFIELD VILLAGE,OH,USA
LPL Financial Holdings Inc.,www.lpl.com,BOSTON,MA,USA
Berkshire Hathaway,www.berkshirehathaway.com,OMAHA,NE,USA
"HCP, Inc.",www.hcpi.com,LONG BEACH,CA,USA
Archer Daniels Midland,www.adm.com,DECATUR,IL,USA
Synnex Corporation,www.synnex.com,FREMONT,CA,USA
"Schnitzer Steel Industries, Inc.",www.schnitzersteel.com,PORTLAND,OR,USA
"Dominion Resources, Inc.",www.dom.com,RICHMOND,VA,USA
Swift Transportation Company,www.swifttrans.com,PHOENIX,AZ,USA
"Tyson Foods, Inc.",www.tysonfoods.com,CHICAGO,IL,USA
Southwest Gas Corporation,www.swgas.com,LAS VEGAS,NV,USA
"Arch Coal, Inc.",www.archcoal.com,SAINT LOUIS,MO,USA
Tenneco Inc.,www.tenneco.com,LAKE FOREST,IL,USA
Booz Allen Hamilton Holding Corp.,www.boozallen.com,MC LEAN,VA,USA
"The Manitowoc Company, Inc.",www.manitowoc.com,MANITOWOC,WI,USA
"Lithia Motors, Inc.",www.lithia.com,MEDFORD,OR,USA
"United Natural Foods, Inc.",www.unfi.com,PROVIDENCE,RI,USA
"Diebold, Incorporated",www.diebold.com,CANTON,OH,USA
Stifel Financial Corp.,www.stifel.com,SAINT LOUIS,MO,USA
"AmTrust Financial Services, Inc.",www.amtrustgroup.com,NEW YORK,NY,USA
"Tetra Tech, Inc.",www.tetratech.com,OAK RIDGE,TN,USA
"Leggett & Platt, Incorporated",www.leggett.com,CARTHAGE,MO,USA
Time Warner Inc.,www.timewarner.com,NEW YORK,NY,USA
"Fidelity National Financial, Inc.",www.fnf.com,JACKSONVILLE,FL,USA
Cincinnati Financial Corporation,www.cinfin.com,FAIRFIELD,OH,USA
Joy Global Inc.,www.joyglobal.com,MILWAUKEE,WI,USA
Aflac Incorporated,www.aflac.com,COLUMBUS,GA,USA
"Avon Products, Inc.",www.avoncompany.com,NEW YORK,NY,USA
DENTSPLY International Inc.,www.dentsply.com,YORK,PA,USA
The Chubb Corporation,www.chubb.com,WARREN,NJ,USA
Global Payments Inc.,www.globalpaymentsinc.com,ATLANTA,GA,USA
NCR Corporation,www.ncr.com,DULUTH,GA,USA
"Aeropostale, Inc.",www.aeropostale.com,NEW YORK,NY,USA
Safeway Inc.,www.safeway.com,FORT COLLINS,CO,USA
Regis Corporation,www.regiscorp.com,MINNEAPOLIS,MN,USA
Capital One Financial Corporation,www.capitalone.com,MC LEAN,VA,USA
Cablevision Systems Corporation,www.cablevision.com,BETHPAGE,NY,USA
Pitney Bowes Inc.,www.pb.com,STAMFORD,CT,USA
Hilton Worldwide Holdings Inc.,www.hiltonworldwide.com,MC LEAN,VA,USA
"NVR, Inc.",www.nvrinc.com,RESTON,VA,USA
Jacobs Engineering Group Inc.,www.jacobs.com,PAULSBORO,NJ,USA
MetLife,www.metlife.com,NEW YORK,NY,USA
Taylor Morrison Home Corporation,www.taylormorrison.com,SCOTTSDALE,AZ,USA
Tesoro Corporation,www.tsocorp.com,SAN ANTONIO,TX,USA
Jarden Corporation,www.jarden.com,RYE,NY,USA
Torchmark Corporation,www.torchmarkcorp.com,MCKINNEY,TX,USA
Southwestern Energy Company,www.swn.com,HOUSTON,TX,USA
Unum Group,www.unum.com,CHATTANOOGA,TN,USA
DIRECTV,www.directv.com,EL SEGUNDO,CA,USA
Silgan Holdings Inc.,www.silganholdings.com,STAMFORD,CT,USA
Triple-S Management Corporation,www.triplesmanagement.com,SAN JUAN,PR,USA
Abercrombie & Fitch Co.,www.abercrombie.com,NEW ALBANY,OH,USA
"Fidelity National Information Services, Inc.",www.fisglobal.com,JACKSONVILLE,FL,USA
General Electric,www.ge.com,FAIRFIELD,CT,USA
Wells Fargo,www.wellsfargo.com,SAN FRANCISCO,CA,USA
"Guess?, Inc.",www.guess.com,LOS ANGELES,CA,USA
MasterCard Incorporated,www.mastercard.com,O FALLON,MO,USA
NiSource Inc.,www.nisource.com,MERRILLVILLE,IN,USA
Corning Incorporated,www.corning.com,CORNING,NY,USA
Calpine Corporation,www.calpine.com,HOUSTON,TX,USA
Avaya Inc.,www.avaya.com,SANTA CLARA,CA,USA
"Foot Locker, Inc.",www.footlocker-inc.com,CAMP HILL,PA,USA
"Forest Laboratories, Inc.",www.frx.com,NEW YORK,NY,USA
EMC Corporation,www.emc.com,HOPKINTON,MA,USA
M&T Bank Corporation,www.mtb.com,BUFFALO,NY,USA
"Integrys Energy Group, Inc.",www.integrysgroup.com,CHICAGO,IL,USA
FMC Corporation,www.fmc.com,PHILADELPHIA,PA,USA
"Ryder System, Inc.",www.ryder.com,MEDLEY,FL,USA
Avery Dennison Corporation,www.averydennison.com,PASADENA,CA,USA
"Owens-Illinois, Inc.",www.o-i.com,PERRYSBURG,OH,USA
"C. H. Robinson Worldwide, Inc.",www.chrobinson.com,EDEN PRAIRIE,MN,USA
"Keurig Green Mountain, Inc.",www.gmcr.com,WATERBURY,VT,USA
Genesco Inc.,www.genesco.com,NASHVILLE,TN,USA
"Best Buy Co., Inc.",www.bestbuy.com,RICHFIELD,MN,USA
Massachusetts Mutual Life Insurance Company,www.massmutual.com,NEW YORK,NY,USA
Westlake Chemical Corporation,www.westlake.com,HOUSTON,TX,USA
"DCP Midstream Partners, LP",www.dcppartners.com,DENVER,CO,USA
"Helmerich & Payne, Inc.",www.hpinc.com,TULSA,OK,USA
Viacom Inc.,www.viacom.com,NEW YORK,NY,USA
Chesapeake Energy Corporation,www.chk.com,OKLAHOMA CITY,OK,USA
ADT Corporation,www.adt.com,CHARLESTON,WV,USA
Supervalu Inc.,www.supervalu.com,EDEN PRAIRIE,MN,USA
Mutual of Omaha Insurance Company,www.mutualofomaha.com,OMAHA,NE,USA
"Bio-Rad Laboratories, Inc.",www.bio-rad.com,HERCULES,CA,USA
The Valspar Corporation,www.valsparglobal.com,MINNEAPOLIS,MN,USA
"Pepco Holdings, Inc.",www.pepcoholdings.com,WASHINGTON,DC,USA
"Prudential Financial, Inc.",www.prudential.com,NEWARK,NJ,USA
"CF Industries Holdings, Inc.",www.cfindustries.com,DEERFIELD,IL,USA
Freddie Mac,www.freddiemac.com,MC LEAN,VA,USA
"Magellan Midstream Partners, L.P.",www.magellanlp.com,TULSA,OK,USA
Vectren Corporation,www.vectren.com,EVANSVILLE,IN,USA
Boyd Gaming Corporation,www.boydgaming.com,LAS VEGAS,NV,USA
"Noble Energy, Inc.",www.nobleenergyinc.com,HOUSTON,TX,USA
Baker Hughes Incorporated,www.bakerhughes.com,HOUSTON,TX,USA
Dresser-Rand Group Inc.,www.dresser-rand.com,HOUSTON,TX,USA
J.P. Morgan Chase & Co.,www.jpmorganchase.com,NEW YORK,NY,USA
Eli Lilly and Company,www.lilly.com,INDIANAPOLIS,IN,USA
LKQ Corporation,www.lkqcorp.com,CHICAGO,IL,USA
"Fred's, Inc.",www.fredsinc.com,HAMILTON,AL,USA
Boise Cascade Company,www.bc.com,BOISE,ID,USA
Fastenal Company,www.fastenal.com,WINONA,MN,USA
Rexnord Corporation,www.rexnord.com,MILWAUKEE,WI,USA
"Family Dollar Stores, Inc.",www.familydollar.com,MATTHEWS,NC,USA
Valero Energy,www.valero.com,SAN ANTONIO,TX,USA
Honeywell International Inc.,www.honeywell.com,MORRISTOWN,NJ,USA
The Toro Company,www.thetorocompany.com,BLOOMINGTON,MN,USA
"Quanta Services, Inc.",www.quantaservices.com,HOUSTON,TX,USA
CSX Corporation,www.csx.com,JACKSONVILLE,FL,USA
PepsiCo,www.pepsico.com,PURCHASE,NY,USA
PAREXEL International Corporation,www.parexel.com,WALTHAM,MA,USA
Cytec Industries Inc.,www.cytec.com,WOODLAND PARK,NJ,USA
"Popular, Inc.",www.popular.com,HATO REY,PR,USA
The Walt Disney Company,www.disney.com,BURBANK,CA,USA
