"Id","SalesforceAccountID","CompanyName","Address_Street_1","City","StateProvince","Country","PostalCode","Website","EstimatedRevenue","NumberOfEmployees","NAICS_Code","SIC_Code","IsCorporateAccount","Vertical","Territory_External_ID","IsActive","address_street_2","alt_id","businessunit_external_id","est_yearly_revenue_currency_external_id","latitude","link_url","loadchunknumber","longitude","matcher_company_name","owner_external_id","parent_external_id","twitter_handle"
"0012400001DOIcwAAH","0012400001DOIcwAAH","FAIRMONT STATE UNIVERSITYPHYSICAL PLANT/RECEIVING","1201 LOCUST AVE   FAIRMONT         WV 26554","FAIRMONT","WV","USA","265542451","pierpont.edu",,,,,"False","A8A88FA0146483F6D1560CC3C1214D02",,"True",,,,,,,,,,,,
"0012400001DNjy2AAD","0012400001DNjy2AAD","FOOD & DRUG ADMIN","466 AVE FERNANDEZ JUNCOS   SAN JUAN         PR 00901","SAN JUAN","PR","USA","009013225","fda.hhs.gov",,,,,"False","A8A88FA0146483F6D1560CC3C1214D02",,"True",,,,,,,,,,,,
"0012400001DOGOVAA5","0012400001DOGOVAA5","CAPITAL UNIVERSITY","1 COLLEGE AND MAIN   COLUMBUS         OH 43209","COLUMBUS","OH","USA","432092394","capital.edu",,,,,"False","A8A88FA0146483F6D1560CC3C1214D02",,"True",,,,,,,,,,,,
"0012400001DOOTHAA5","0012400001DOOTHAA5","SCHOOLCRAFT COLLEGE      HPS MEMBER","18600 HAGGERTY RD   LIVONIA          MI 48152","LIVONIA","MI","USA","481522696","schoolcraft.edu",,,,,"False","A8A88FA0146483F6D1560CC3C1214D02",,"True",,,,,,,,,,,,
"0012400001DNnyjAAD","0012400001DNnyjAAD","FIRST QUALITY RETAIL SERV GROUP","601 ALLENDALE RD   KING OF PRUSSIA  PA 19406","KING OF PRUSSIA","PA","USA","194061417","firstquality.com",,,,,"False","A8A88FA0146483F6D1560CC3C1214D02",,"True",,,,,,,,,,,,
"0012400001DNfoIAAT","0012400001DNfoIAAT","LAKE-SUMTER COMMUNITY    COLLEGE","9501 US HWY 441 LEESBURG CAMPUS  LEESBURG         FL 34788","LEESBURG","FL","USA","34788",,,,,,"False","A8A88FA0146483F6D1560CC3C1214D02",,"True",,,,,,,,,,,,
"0012400001DO8LHAA1","0012400001DO8LHAA1","PHARMAGRA LABS LLC","158 MCLEAN RD   BREVARD          NC 28712","BREVARD","NC","USA","287129432","pharmagra.com",,,,,"False","A8A88FA0146483F6D1560CC3C1214D02",,"True",,,,,,,,,,,,
"0012400001DO5OUAA1","0012400001DO5OUAA1","GEORGETOWN COLLEGE","400 E COLLEGE ST   GEORGETOWN       KY 40324","GEORGETOWN","KY","USA","403241628","georgetowncollege.edu",,,,,"False","A8A88FA0146483F6D1560CC3C1214D02",,"True",,,,,,,,,,,,
"0012400001DO4DEAA1","0012400001DO4DEAA1","BLUE MOUNTAIN            COMMUNITY COLLEGE","2411 NW CARDEN AVE   PENDLETON        OR 97801","PENDLETON","OR","USA","978011655","bluecc.edu",,,,,"False","A8A88FA0146483F6D1560CC3C1214D02",,"True",,,,,,,,,,,,
"0012400001DNsGmAAL","0012400001DNsGmAAL","NEW COLLEGE OF FLORIDA   DIV OF NATURAL SCIENCES","5800 BAY SHORE RD   SARASOTA         FL 34243","SARASOTA","FL","USA","342432109","ncf.edu",,,,,"False","A8A88FA0146483F6D1560CC3C1214D02",,"True",,,,,,,,,,,,
"0012400001DOEZ7AAP","0012400001DOEZ7AAP","HINDS COMMUNITY COLLEGE  RAYMOND","(PLEASE FILL IN)   RAYMOND          MS 39154","RAYMOND","MS","USA","39154",,,,,,"False","A8A88FA0146483F6D1560CC3C1214D02",,"True",,,,,,,,,,,,
"0012400001DORq0AAH","0012400001DORq0AAH","US FDA                   WEAC","109 HOLTON ST   WINCHESTER       MA 01890","WINCHESTER","MA","USA","01890","fda.hhs.gov",,,,,"False","A8A88FA0146483F6D1560CC3C1214D02",,"True",,,,,,,,,,,,
"0012400001DNqvPAAT","0012400001DNqvPAAT","SHAKLEE CORPORATION","6920 KOLL CENTER PKWY STE 211  PLEASANTON       CA 94566","PLEASANTON","CA","USA","945663159","thermofisher.com",,,,,"False","A8A88FA0146483F6D1560CC3C1214D02",,"True",,,,,,,,,,,,
"0012400001DNOrEAAX","0012400001DNOrEAAX","UNIVERSITY OF            NORTH ALABAMA","1660 TUNE AVE CHEMISTRY DEPARTMENT  FLORENCE         AL 35630","FLORENCE","AL","USA","35630","una.edu",,,,,"False","A8A88FA0146483F6D1560CC3C1214D02",,"True",,,,,,,,,,,,
"0012400001DNr9dAAD","0012400001DNr9dAAD","SOUTHERN OREGON UNIV     BIOLOGY DEPT","351 WALKER AVE   ASHLAND          OR 97520","ASHLAND","OR","USA","975202313","sou.edu",,,,,"False","A8A88FA0146483F6D1560CC3C1214D02",,"True",,,,,,,,,,,,
"0012400001DNLyHAAX","0012400001DNLyHAAX","CESSNA AIRCRAFT CO       PAWNEE DIV","5800 E PAWNEE ST BLDG B-67  WICHITA          KS 67218","WICHITA","KS","USA","67218","txtav.com",,,,,"False","A8A88FA0146483F6D1560CC3C1214D02",,"True",,,,,,,,,,,,
"0012400001DNhOAAA1","0012400001DNhOAAA1","REGIS UNIVERSITY","3333 REGIS BLVD   DENVER           CO 80221","DENVER","CO","USA","802211099","regis.edu",,,,,"False","A8A88FA0146483F6D1560CC3C1214D02",,"True",,,,,,,,,,,,
"0012400001DODPlAAP","0012400001DODPlAAP","CLEAN AIR ENGINEERING INC","500 W WOOD ST   PALATINE         IL 60067","PALATINE","IL","USA","600674975",,,,,,"False","A8A88FA0146483F6D1560CC3C1214D02",,"True",,,,,,,,,,,,
"0012400001DNjxDAAT","0012400001DNjxDAAT","XCELLEREX INC","170 LOCKE DR   MARLBOROUGH      MA 01752","MARLBOROUGH","MA","USA","017527217","xcellerex.com",,,,,"False","A8A88FA0146483F6D1560CC3C1214D02",,"True",,,,,,,,,,,,
"0012400001DOOCSAA5","0012400001DOOCSAA5","USDA ARS                 SOUTHERNHORTICULTURAL LAB","810 HIGHWAY 26 WEST   POPLARVILLE      MS 39470","POPLARVILLE","MS","USA","39470","ars.usda.gov",,,,,"False","A8A88FA0146483F6D1560CC3C1214D02",,"True",,,,,,,,,,,,
"0012400001DNOuMAAX","0012400001DNOuMAAX","NORTHEAST LABORATORY     SERVICES","227 CHINA RD DO NOT SHIP DHL  WINSLOW          ME 04901","WINSLOW","ME","USA","049010629","nelabservices.com",,,,,"False","A8A88FA0146483F6D1560CC3C1214D02",,"True",,,,,,,,,,,,
"0012400001DO6WDAA1","0012400001DO6WDAA1","CALGON CARBON CORP","3000 GSK DRIVE   MOON TOWNSHIP    PA 15108","MOON TOWNSHIP","PA","USA","15108",,,,,,"False","A8A88FA0146483F6D1560CC3C1214D02",,"True",,,,,,,,,,,,
"0012400001DNX9oAAH","0012400001DNX9oAAH","FRAMINGHAM STATE COLLEGE STOREROOM RCVG","100 STATE ST   FRAMINGHAM       MA 01702","FRAMINGHAM","MA","USA","017022471","framingham.edu",,,,,"False","A8A88FA0146483F6D1560CC3C1214D02",,"True",,,,,,,,,,,,
"0012400001DNOaQAAX","0012400001DNOaQAAX","MOTT COMMUNITY COLLEGE","1401 EAST COURT ST   FLINT            MI 48503","FLINT","MI","USA","485032089","mcc.edu",,,,,"False","A8A88FA0146483F6D1560CC3C1214D02",,"True",,,,,,,,,,,,
"0012400001DOMGjAAP","0012400001DOMGjAAP","UNIVERSITY OF CENTRAL    MISSOURI","415 E CLARK STREET CENTRAL RECEIVING  WARRENSBURG      MO 64093","WARRENSBURG","MO","USA","64093","ucmo.edu",,,,,"False","A8A88FA0146483F6D1560CC3C1214D02",,"True",,,,,,,,,,,,
"0012400001DOFzXAAX","0012400001DOFzXAAX","GLENVILLE STATE COLLEGE","200 HIGH ST   GLENVILLE        WV 26351","GLENVILLE","WV","USA","263511292","glenville.edu",,,,,"False","A8A88FA0146483F6D1560CC3C1214D02",,"True",,,,,,,,,,,,
"0012400001DO1xvAAD","0012400001DO1xvAAD","BAE SYSTEMS","6315 HILLSIDE CT STE F  COLUMBIA         MD 21046","COLUMBIA","MD","USA","210463234","baesystems.com",,,,,"False","A8A88FA0146483F6D1560CC3C1214D02",,"True",,,,,,,,,,,,
"0012400001DNRLKAA5","0012400001DNRLKAA5","HOVIONE LLC","40 LAKE DR   EAST WINDSOR     NJ 08520","EAST WINDSOR","NJ","USA","085205321","hovione.com",,,,,"False","A8A88FA0146483F6D1560CC3C1214D02",,"True",,,,,,,,,,,,
"0012400001DNbPeAAL","0012400001DNbPeAAL","DOMINICAN COLLEGE        PRUSMACK CENTER","3 CAMPUS DRIVE SIOBHAN O'SULLIVAN RM 317  BLAUVELT         NY 10913","BLAUVELT","NY","USA","10913","dc.edu",,,,,"False","A8A88FA0146483F6D1560CC3C1214D02",,"True",,,,,,,,,,,,
"0012400001DNmtLAAT","0012400001DNmtLAAT","CURRY COLLEGE","1071 BLUE HILL AVE   MILTON           MA 02186","MILTON","MA","USA","021862395",,,,,,"False","A8A88FA0146483F6D1560CC3C1214D02",,"True",,,,,,,,,,,,
"0012400001DNwjBAAT","0012400001DNwjBAAT","HARRIS COUNTY MOSQUITO   CONTROL DISTRICT","3330 OLD SPANISH TRL STE D  HOUSTON          TX 77021","HOUSTON","TX","USA","770212269","hcphes.org",,,,,"False","A8A88FA0146483F6D1560CC3C1214D02",,"True",,,,,,,,,,,,
"0012400001DNdWLAA1","0012400001DNdWLAA1","COLLEGE OF DUPAGE        BUSINESS OFC","425 FAWELL BLVD   GLEN ELLYN       IL 60137","GLEN ELLYN","IL","USA","601376708","cod.edu",,,,,"False","A8A88FA0146483F6D1560CC3C1214D02",,"True",,,,,,,,,,,,
"0012400001DNzhiAAD","0012400001DNzhiAAD","US DEPT OF ENERGY        NETL","626 COCHRANS MILL ROAD BUILDING 902  PITTSBURGH       PA 15236","PITTSBURGH","PA","USA","15236","or.netl.doe.gov",,,,,"False","A8A88FA0146483F6D1560CC3C1214D02",,"True",,,,,,,,,,,,
"0012400001DNiaqAAD","0012400001DNiaqAAD","EXELON CORP NINE MILE    POINT","348 LAKE RD   OSWEGO           NY 13126","OSWEGO","NY","USA","131265974","exeloncorp.com",,,,,"False","A8A88FA0146483F6D1560CC3C1214D02",,"True",,,,,,,,,,,,
"0012400001DOCDCAA5","0012400001DOCDCAA5","TELEFLEX MEDICAL","2400 BERNVILLE RD   READING          PA 19605","READING","PA","USA","196059606","teleflex.com",,,,,"False","A8A88FA0146483F6D1560CC3C1214D02",,"True",,,,,,,,,,,,
"0012400001DOD6DAAX","0012400001DOD6DAAX","SAMTEC","520 PARK EAST BLVD   NEW ALBANY       IN 47150","NEW ALBANY","IN","USA","471507251",,,,,,"False","A8A88FA0146483F6D1560CC3C1214D02",,"True",,,,,,,,,,,,
"0012400001DNkiRAAT","0012400001DNkiRAAT","AMERICAN COLLOID CO","2870 FORBS AVE   HOFFMAN ESTATES  IL 60192","HOFFMAN ESTATES","IL","USA","601923702","thermofisher.com",,,,,"False","A8A88FA0146483F6D1560CC3C1214D02",,"True",,,,,,,,,,,,
"0012400001DO4J2AAL","0012400001DO4J2AAL","BUCKNELL UNIVERSITY","FILL IN ADDRESS   LEWISBURG        PA 17837","LEWISBURG","PA","USA","17837","psych.uic.edu",,,,,"False","A8A88FA0146483F6D1560CC3C1214D02",,"True",,,,,,,,,,,,
"0012400001DNo85AAD","0012400001DNo85AAD","PHARMACEUTICAL MANUFACT  RESEARCH SERVICES INC","202 PRECISION DR   HORSHAM          PA 19044","HORSHAM","PA","USA","190441227","pmrsinc.com",,,,,"False","A8A88FA0146483F6D1560CC3C1214D02",,"True",,,,,,,,,,,,
"0012400001DNMCqAAP","0012400001DNMCqAAP","EXOVA","12003 NE AINSWORTH CIR STE 105  PORTLAND         OR 97220","PORTLAND","OR","USA","972209034","exova.com",,,,,"False","A8A88FA0146483F6D1560CC3C1214D02",,"True",,,,,,,,,,,,
"0012400001DNOleAAH","0012400001DNOleAAH","BARUCH COLLEGE CUNY","17 LEXINGTON AVE   NEW YORK         NY 10010","NEW YORK","NY","USA","100105518","baruch.cuny.edu",,,,,"False","A8A88FA0146483F6D1560CC3C1214D02",,"True",,,,,,,,,,,,
"0012400001DNmmBAAT","0012400001DNmmBAAT","STATE OF COLORADO        WESTERN STATE COLLEGE","128 HURST HALL   GUNNISON         CO 81231","GUNNISON","CO","USA","812310001","western.edu",,,,,"False","A8A88FA0146483F6D1560CC3C1214D02",,"True",,,,,,,,,,,,
"0012400001DNsRHAA1","0012400001DNsRHAA1","BATON ROUGE COMMUNITY    COLLEGE","201 COMMUNITY COLLEGE DR ACCOUNTS PAYABLE  BATON ROUGE      LA 70806","BATON ROUGE","LA","USA","70806","mybrcc.edu",,,,,"False","A8A88FA0146483F6D1560CC3C1214D02",,"True",,,,,,,,,,,,
"0012400001DODn8AAH","0012400001DODn8AAH","HORRY GEORGETOWN         TECHNICAL COLLEGE","2050 E HIGHWAY 501   CONWAY           SC 29526","CONWAY","SC","USA","295269521","hgtc.edu",,,,,"False","A8A88FA0146483F6D1560CC3C1214D02",,"True",,,,,,,,,,,,
"0012400001DNXOoAAP","0012400001DNXOoAAP","BALTIMORE COUNTY         FORENSIC LAB","700 E JOPPA RD   TOWSON           MD 21286","TOWSON","MD","USA","212865501","baltimorecountymd.gov",,,,,"False","A8A88FA0146483F6D1560CC3C1214D02",,"True",,,,,,,,,,,,
"0012400001DONdzAAH","0012400001DONdzAAH","TOBYHANNA ARMY DEPOT","HZMAT BLDG 74 11 HAP ARNOLD BLVD TOBYHANNA        PA 18466","TOBYHANNA","PA","USA","184665107","us.army.mil",,,,,"False","A8A88FA0146483F6D1560CC3C1214D02",,"True",,,,,,,,,,,,
"0012400001DO5aCAAT","0012400001DO5aCAAT","CAL STATE UNIV           ATTN  DOMINQUEZ HILLS","1000 E VICTORIA ST   CARSON           CA 90747","CARSON","CA","USA","907470001","csudh.edu",,,,,"False","A8A88FA0146483F6D1560CC3C1214D02",,"True",,,,,,,,,,,,
"0012400001DOIEVAA5","0012400001DOIEVAA5","COLUMBIA STATE           COMMUNITY COLLEGE","1665 HAMPSHIRE PIKE   COLUMBIA         TN 38401","COLUMBIA","TN","USA","384015653","columbiastate.edu",,,,,"False","A8A88FA0146483F6D1560CC3C1214D02",,"True",,,,,,,,,,,,
"0012400001DNwEXAA1","0012400001DNwEXAA1","C B FLEET CO INC","4615 MURRAY PL   LYNCHBURG        VA 24502","LYNCHBURG","VA","USA","245022235","cbfleet.com",,,,,"False","A8A88FA0146483F6D1560CC3C1214D02",,"True",,,,,,,,,,,,
"0012400001DNQciAAH","0012400001DNQciAAH","COUNTY OF SUFFOLK        CTR FOR FORENSIC SCIENCES","725 VETERANS MEMORIAL HWY BLDG-487 N CNTY COMPLEX  HAUPPAUGE        NY 11788","HAUPPAUGE","NY","USA","117885402","suffolkcountyny.gov",,,,,"False","A8A88FA0146483F6D1560CC3C1214D02",,"True",,,,,,,,,,,,
"0012400001DO5tOAAT","0012400001DO5tOAAT","USDA-ARS                 US VEGETABLE LABORATORY","2700 SAVANNAH HWY   CHARLESTON       SC 29414","CHARLESTON","SC","USA","294145329","ars.usda.gov",,,,,"False","A8A88FA0146483F6D1560CC3C1214D02",,"True",,,,,,,,,,,,
"0012400001DO6u5AAD","0012400001DO6u5AAD","LOCKHEED MARTIN CORP","12257 S WADSWORTH BLVD DOCK 5  LITTLETON        CO 80125","LITTLETON","CO","USA","801258500",,,,,,"False","A8A88FA0146483F6D1560CC3C1214D02",,"True",,,,,,,,,,,,
"0012400001DOAlFAAX","0012400001DOAlFAAX","AZTECA MILLING-EDINBURG","501 W CHAPIN ST   EDINBURG         TX 78541","EDINBURG","TX","USA","785412412","thermofisher.com",,,,,"False","A8A88FA0146483F6D1560CC3C1214D02",,"True",,,,,,,,,,,,
"0012400001DNicUAAT","0012400001DNicUAAT","SAM HOUSTON STATE UNIV   SCIQUEST ORDERS ONLY","1806 AVENUE J   HUNTSVILLE       TX 77340","HUNTSVILLE","TX","USA","77340",,,,,,"False","A8A88FA0146483F6D1560CC3C1214D02",,"True",,,,,,,,,,,,
"0012400001DO4QqAAL","0012400001DO4QqAAL","CENTRAL ARIZONA COLLEGE","8470 N OVERFIELD RD   COOLIDGE         AZ 85128","COOLIDGE","AZ","USA","851289779","centralaz.edu",,,,,"False","A8A88FA0146483F6D1560CC3C1214D02",,"True",,,,,,,,,,,,
"0012400001DNdojAAD","0012400001DNdojAAD","COACHELLA VALLEY WATER   DISTRICT","85995 AVENUE 52   COACHELLA        CA 92236","COACHELLA","CA","USA","922362568","cvwd.org",,,,,"False","A8A88FA0146483F6D1560CC3C1214D02",,"True",,,,,,,,,,,,
"0012400001DONO0AAP","0012400001DONO0AAP","GREENVILLE TECH COLLEGE","738 S PLEASANTBURG DR   GREENVILLE       SC 29607","GREENVILLE","SC","USA","296072420","gvltec.edu",,,,,"False","A8A88FA0146483F6D1560CC3C1214D02",,"True",,,,,,,,,,,,
"0012400001DOQqUAAX","0012400001DOQqUAAX","SOUTHERN UNIVERSITY      A&M COLLEGE","JAMES L HUNT ST THEODORE/CENTRAL RCVNG  BATON ROUGE      LA 70813","BATON ROUGE","LA","USA","708130001","subr.edu",,,,,"False","A8A88FA0146483F6D1560CC3C1214D02",,"True",,,,,,,,,,,,
"0012400001DNTlDAAX","0012400001DNTlDAAX","AZUSA PACIFIC UNIVERSITY CENTRAL RECEIVING","701 E FOOTHILL BLVD   AZUSA            CA 91702","AZUSA","CA","USA","917022606","apu.edu",,,,,"False","A8A88FA0146483F6D1560CC3C1214D02",,"True",,,,,,,,,,,,
"0012400001DNdc4AAD","0012400001DNdc4AAD","CALIFORNIA UNIVERSITY","LOADING DOCK MAINTENANCE BLDG  CALIFORNIA       PA 15419","CALIFORNIA","PA","USA","15419","calu.edu",,,,,"False","A8A88FA0146483F6D1560CC3C1214D02",,"True",,,,,,,,,,,,
"0012400001DODLZAA5","0012400001DODLZAA5","NESTLE PURINA PET CARE","3916 PETTIS RD   SAINT JOSEPH     MO 64503","SAINT JOSEPH","MO","USA","645031542","rdmo.nestle.com",,,,,"False","A8A88FA0146483F6D1560CC3C1214D02",,"True",,,,,,,,,,,,
"0012400001DOJpNAAX","0012400001DOJpNAAX","AIMS COMMUNITY COLLEGE","4911 W 20TH ST   GREELEY          CO 80634","GREELEY","CO","USA","806343000","aims.edu",,,,,"False","A8A88FA0146483F6D1560CC3C1214D02",,"True",,,,,,,,,,,,
"0012400001DNLvOAAX","0012400001DNLvOAAX","CARLOW UNIVERSITY","3333 5TH AVE   PITTSBURGH       PA 15213","PITTSBURGH","PA","USA","152133109","carlow.edu",,,,,"False","A8A88FA0146483F6D1560CC3C1214D02",,"True",,,,,,,,,,,,
"0012400001DNmfvAAD","0012400001DNmfvAAD","COUNTY OF SACRAMENTO     WATER QUALITY DIVISION","8521 LAGUNA STATION RD REGIONAL TRTMNT PLANT  ELK GROVE        CA 95758","ELK GROVE","CA","USA","957589550","sacsewer.com",,,,,"False","A8A88FA0146483F6D1560CC3C1214D02",,"True",,,,,,,,,,,,
"0012400001DOG5XAAX","0012400001DOG5XAAX","N Y STATE EDUCATION DEPT CULTURAL EDUC CTR GEO SUR","222 MADISON AVE CEC RM 3140  ALBANY           NY 12230","ALBANY","NY","USA","12230","nysed.gov",,,,,"False","A8A88FA0146483F6D1560CC3C1214D02",,"True",,,,,,,,,,,,
"0012400001DNR29AAH","0012400001DNR29AAH","VINCENNES UNIVERSITY     BEN DAVIS UNIVERSITY","1155 SOUTH HIGH SCHOOL RD HIGH SCHOOL  INDIANAPOLIS     IN 46241","INDIANAPOLIS","IN","USA","46241","wayne.k12.in.us",,,,,"False","A8A88FA0146483F6D1560CC3C1214D02",,"True",,,,,,,,,,,,
"0012400001DOM7YAAX","0012400001DOM7YAAX","AMEC FOSTER WHEELER      ENMT & INFRASTRUCTURE INC","404 SW 140TH TER   NEWBERRY         FL 32669","NEWBERRY","FL","USA","326693000","mactec.com",,,,,"False","A8A88FA0146483F6D1560CC3C1214D02",,"True",,,,,,,,,,,,
"0012400001DNsB3AAL","0012400001DNsB3AAL","US FDA","6751 STEGER DR FORENSIC CHEMISTRY CENTER  CINCINNATI       OH 45237","CINCINNATI","OH","USA","452373097","fda.hhs.gov",,,,,"False","A8A88FA0146483F6D1560CC3C1214D02",,"True",,,,,,,,,,,,
"0012400001DNV6XAAX","0012400001DNV6XAAX","DAVIS & ELKINS COLLEGE   CHEMISTRY DEPARTMENT","100 CAMPUS DRIVE   ELKINS           WV 26241","ELKINS","WV","USA","26241",,,,,,"False","A8A88FA0146483F6D1560CC3C1214D02",,"True",,,,,,,,,,,,
"0012400001DORrhAAH","0012400001DORrhAAH","NAVSEA IHNSWC","4104 EVANS WAY STE 102  INDIAN HEAD      MD 20640","INDIAN HEAD","MD","USA","206405102","navy.mil",,,,,"False","A8A88FA0146483F6D1560CC3C1214D02",,"True",,,,,,,,,,,,
"0012400001DO86xAAD","0012400001DO86xAAD","RADIATION MONITORING     DEVICES INC","44 HUNT ST   WATERTOWN        MA 02472","WATERTOWN","MA","USA","024724624","rmdinc.com",,,,,"False","A8A88FA0146483F6D1560CC3C1214D02",,"True",,,,,,,,,,,,
"0012400001DNUbcAAH","0012400001DNUbcAAH","EASTERN FLORIDA STATE    COLLEGE","3865 N WICKHAM RD   MELBOURNE        FL 32935","MELBOURNE","FL","USA","329352399","brevardcc.edu",,,,,"False","A8A88FA0146483F6D1560CC3C1214D02",,"True",,,,,,,,,,,,
"0012400001DNbJKAA1","0012400001DNbJKAA1","BISHOP STATE COMMUNITY   COLLEGE","979 CONGRESS STREET MAIN CAMPUS  MOBILE           AL 36603","MOBILE","AL","USA","36603",,,,,,"False","A8A88FA0146483F6D1560CC3C1214D02",,"True",,,,,,,,,,,,
"0012400001DOGy1AAH","0012400001DOGy1AAH","SANTIAGO CANYON COLLEGE","8045 E CHAPMAN AVE   ORANGE           CA 92869","ORANGE","CA","USA","928694512","sccollege.edu",,,,,"False","A8A88FA0146483F6D1560CC3C1214D02",,"True",,,,,,,,,,,,
"0012400001DNaMEAA1","0012400001DNaMEAA1","NASA - GLENN RESEARCH CEN","21000 BROOKPARK RD BLDG 215  CLEVELAND        OH 44135","CLEVELAND","OH","USA","441353191","nasa.gov",,,,,"False","A8A88FA0146483F6D1560CC3C1214D02",,"True",,,,,,,,,,,,
"0012400001DNMeQAAX","0012400001DNMeQAAX","CUMMINS FILTRATION       DIV CUMMINS ENGING CO","1200 FLEETGUARD RD   COOKEVILLE       TN 38506","COOKEVILLE","TN","USA","385066258","cummins.com",,,,,"False","A8A88FA0146483F6D1560CC3C1214D02",,"True",,,,,,,,,,,,
"0012400001DNO72AAH","0012400001DNO72AAH","LAWRENCE UNIVERSITY      SCIENCE HALL","115 S DREW ST   APPLETON         WI 54911","APPLETON","WI","USA","549115798","shsu.edu",,,,,"False","A8A88FA0146483F6D1560CC3C1214D02",,"True",,,,,,,,,,,,
"0012400001DNrVQAA1","0012400001DNrVQAA1","SOUTHERN GARDENS","1820 COUNTY ROAD 833   CLEWISTON        FL 33440","CLEWISTON","FL","USA","334409222",,,,,,"False","A8A88FA0146483F6D1560CC3C1214D02",,"True",,,,,,,,,,,,
"0012400001DNRTFAA5","0012400001DNRTFAA5","THE MITRE CORPORATION","7515 COLSHIRE DR   MC LEAN          VA 22102","MC LEAN","VA","USA","221027539","mitre.org",,,,,"False","A8A88FA0146483F6D1560CC3C1214D02",,"True",,,,,,,,,,,,
"0012400001DNUhdAAH","0012400001DNUhdAAH","STATE OF CALIFORNIA      AIR RESOURCES BOARD","9480 TELSTAR AVE   EL MONTE         CA 91731","EL MONTE","CA","USA","917312988",,,,,,"False","A8A88FA0146483F6D1560CC3C1214D02",,"True",,,,,,,,,,,,
"0012400001DOE11AAH","0012400001DOE11AAH","STATE OF MISSOURI        DEPT OF CORRECTIONS","2715 PLAZA DR LOWER LEVEL   JEFFERSON CITY   MO 65109","JEFFERSON CITY","MO","USA","65109",,,,,,"False","A8A88FA0146483F6D1560CC3C1214D02",,"True",,,,,,,,,,,,
"0012400001DO7YnAAL","0012400001DO7YnAAL","OHIO WESLEYAN UNIVERSITY CENTRAL RECEIVING","28 HAYES ST   DELAWARE         OH 43015","DELAWARE","OH","USA","430152797","owu.edu",,,,,"False","A8A88FA0146483F6D1560CC3C1214D02",,"True",,,,,,,,,,,,
"0012400001DOMcJAAX","0012400001DOMcJAAX","NORTH PARK UNIVERSITY    JOHNSON SCIENCE CENTER","5141 N CHRISTIANA AVENUE   CHICAGO          IL 60625","CHICAGO","IL","USA","60625","northpark.edu",,,,,"False","A8A88FA0146483F6D1560CC3C1214D02",,"True",,,,,,,,,,,,
"0012400001DNPiMAAX","0012400001DNPiMAAX","ROCK VALLEY COLLEGE      LIFE SCIENCES-MAIN CAMPUS","3301 N MULFORD RD   ROCKFORD         IL 61114","ROCKFORD","IL","USA","611145699","rockvalleycollege.edu",,,,,"False","A8A88FA0146483F6D1560CC3C1214D02",,"True",,,,,,,,,,,,
"0012400001DNOM6AAP","0012400001DNOM6AAP","SANTA ANA COLLEGE        PURCH DEPT","1465 N BATAVIA ST   ORANGE           CA 92867","ORANGE","CA","USA","928673504","sccollege.edu",,,,,"False","A8A88FA0146483F6D1560CC3C1214D02",,"True",,,,,,,,,,,,
"0012400001DOQ0NAAX","0012400001DOQ0NAAX","PENN STATE UNIV ABINGTON","1600 WOODLAND RD   ABINGTON         PA 19001","ABINGTON","PA","USA","190013918","psu.edu",,,,,"False","A8A88FA0146483F6D1560CC3C1214D02",,"True",,,,,,,,,,,,
"0012400001DNWbRAAX","0012400001DNWbRAAX","JONES COUNTY JR COLLEGE","900 S COURT ST   ELLISVILLE       MS 39437","ELLISVILLE","MS","USA","394373999","jcjc.edu",,,,,"False","A8A88FA0146483F6D1560CC3C1214D02",,"True",,,,,,,,,,,,
"0012400001DNfhnAAD","0012400001DNfhnAAD","TOHO WATER AUTHORITY","951 MLK BLVD   KISSIMMEE        FL 34746","KISSIMMEE","FL","USA","347464981","tohowater.com",,,,,"False","A8A88FA0146483F6D1560CC3C1214D02",,"True",,,,,,,,,,,,
"0012400001DNfr7AAD","0012400001DNfr7AAD","LETOURNEAU UNIVERSITY","2100 S MOBBERLY AVE   LONGVIEW         TX 75602","LONGVIEW","TX","USA","756023564",,,,,,"False","A8A88FA0146483F6D1560CC3C1214D02",,"True",,,,,,,,,,,,
"0012400001DOM8cAAH","0012400001DOM8cAAH","MCGUIRE RESEARCH INST    V A MEDICAL CTR","1201 BROAD ROCK BLVD   RICHMOND         VA 23249","RICHMOND","VA","USA","232490001",,,,,,"False","A8A88FA0146483F6D1560CC3C1214D02",,"True",,,,,,,,,,,,
"0012400001DNrEsAAL","0012400001DNrEsAAL","ARISTA LABORATORIES INC","1941 REYMET RD   RICHMOND         VA 23237","RICHMOND","VA","USA","232373723","thermofisher.com",,,,,"False","A8A88FA0146483F6D1560CC3C1214D02",,"True",,,,,,,,,,,,
"0012400001DNgjqAAD","0012400001DNgjqAAD","FIRST ENERGY             BEAVER VALLEY POWER STA","PA HIGHWAY 168   SHIPPINGPORT     PA 15077","SHIPPINGPORT","PA","USA","150770001","firstenergycorp.com",,,,,"False","A8A88FA0146483F6D1560CC3C1214D02",,"True",,,,,,,,,,,,
"0012400001DNlDFAA1","0012400001DNlDFAA1","ANHEUSER BUSCH INC","221 DANIEL WEBSTER HWY   MERRIMACK        NH 03054","MERRIMACK","NH","USA","030544830","anheuser-busch.com",,,,,"False","A8A88FA0146483F6D1560CC3C1214D02",,"True",,,,,,,,,,,,
"0012400001DO9NsAAL","0012400001DO9NsAAL","SAM HOUSTON STATE UNIV   CHEM AND FORENSIC SCI BLD","1003 BOWERS BLVD RM 221B   HUNTSVILLE       TX 77340","HUNTSVILLE","TX","USA","77340","shsu.edu",,,,,"False","A8A88FA0146483F6D1560CC3C1214D02",,"True",,,,,,,,,,,,
"0012400001DOOmWAAX","0012400001DOOmWAAX","MILLIGAN COLLEGE","1 BLOWERS BLVD   MILLIGAN COLLEGE TN 37682","MILLIGAN COLLEGE","TN","USA","37682","milligan.edu",,,,,"False","A8A88FA0146483F6D1560CC3C1214D02",,"True",,,,,,,,,,,,
"0012400001DOOXcAAP","0012400001DOOXcAAP","STATE OF LOUISIANA       NICHOLLS ST UNIV","LA HIGHWAY 1 RECIEVING DEPT  THIBODAUX        LA 70301","THIBODAUX","LA","USA","70301","nicholls.edu",,,,,"False","A8A88FA0146483F6D1560CC3C1214D02",,"True",,,,,,,,,,,,
"0012400001DNVllAAH","0012400001DNVllAAH","MIDDLE GEORGIA STATE     UNIVERSITY","100 UNIVERSITY PARKWAY   MACON            GA 31206","MACON","GA","USA","31206","mgc.edu",,,,,"False","A8A88FA0146483F6D1560CC3C1214D02",,"True",,,,,,,,,,,,
"0012400001DNydsAAD","0012400001DNydsAAD","UNIV OF CENTRAL OKLAHOMA","100 N UNIVERSITY DR   EDMOND           OK 73034","EDMOND","OK","USA","730345209","uco.edu",,,,,"False","A8A88FA0146483F6D1560CC3C1214D02",,"True",,,,,,,,,,,,
"0012400001DNih9AAD","0012400001DNih9AAD","TRUCKEE MEADOWS          COMMUNITY COLLEGE","7000 DANDINI BLVD   RENO             NV 89512","RENO","NV","USA","895123999",,,,,,"False","A8A88FA0146483F6D1560CC3C1214D02",,"True",,,,,,,,,,,,
"0012400001DNJUZAA5","0012400001DNJUZAA5","ADRIAN COLLEGE","202 STRATFORD DRIVE   ADRIAN           MI 49221","ADRIAN","MI","USA","49221",,,,,,"False","A8A88FA0146483F6D1560CC3C1214D02",,"True",,,,,,,,,,,,
"0012400001DO5liAAD","0012400001DO5liAAD","WATERS CORPORATION","5720 STONERIDGE DR STE 200  PLEASANTON       CA 94588","PLEASANTON","CA","USA","945882732","waters.com",,,,,"False","A8A88FA0146483F6D1560CC3C1214D02",,"True",,,,,,,,,,,,
"0012400001DO4waAAD","0012400001DO4waAAD","FERRERO USA INC","600 COTTONTAIL LN   SOMERSET         NJ 08873","SOMERSET","NJ","USA","088731233",,,,,,"False","A8A88FA0146483F6D1560CC3C1214D02",,"True",,,,,,,,,,,,
"0012400001DNPqTAAX","0012400001DNPqTAAX","CORNING INC              LIFE SCIENCES DIVISION","2 ALFRED RD   KENNEBUNK        ME 04043","KENNEBUNK","ME","USA","040436266","thermofisher.com",,,,,"False","A8A88FA0146483F6D1560CC3C1214D02",,"True",,,,,,,,,,,,
"0012400001DOOqoAAH","0012400001DOOqoAAH","MO SOUTHERN ST UNIV","3950 NEWMAN RD   JOPLIN           MO 64801","JOPLIN","MO","USA","648011512","mssu.edu",,,,,"False","A8A88FA0146483F6D1560CC3C1214D02",,"True",,,,,,,,,,,,
"0012400001DNroWAAT","0012400001DNroWAAT","WAGNER COLLEGE","1 CAMPUS RD   STATEN ISLAND    NY 10301","STATEN ISLAND","NY","USA","103014495","wagner.edu",,,,,"False","A8A88FA0146483F6D1560CC3C1214D02",,"True",,,,,,,,,,,,
"0012400001DNVUwAAP","0012400001DNVUwAAP","THE UNIVERSITY OF FINDLAYCENTRAL RECEIVING","1000 N MAIN ST   FINDLAY          OH 45840","FINDLAY","OH","USA","458403653","findlay.edu",,,,,"False","A8A88FA0146483F6D1560CC3C1214D02",,"True",,,,,,,,,,,,
"0012400001DO56gAAD","0012400001DO56gAAD","MIYOSHI AMERICA INC","110 LOUISA VIENS DR   DAYVILLE         CT 06241","DAYVILLE","CT","USA","062411132","us-cosm.com",,,,,"False","A8A88FA0146483F6D1560CC3C1214D02",,"True",,,,,,,,,,,,
"0012400001DNMmqAAH","0012400001DNMmqAAH","CORNING TROPEL CORPORATIO","60 OCONNOR RD   FAIRPORT         NY 14450","FAIRPORT","NY","USA","144501328","thermofisher.com",,,,,"False","A8A88FA0146483F6D1560CC3C1214D02",,"True",,,,,,,,,,,,
"0012400001DNsCfAAL","0012400001DNsCfAAL","SPAWAR SC PACIFIC","4297 PACIFIC HWY BLDG 7  SAN DIEGO        CA 92110","SAN DIEGO","CA","USA","92110","nmmfoundation.org",,,,,"False","A8A88FA0146483F6D1560CC3C1214D02",,"True",,,,,,,,,,,,
"0012400001DNwQCAA1","0012400001DNwQCAA1","N C STATE UNIVERSITY     SOIL SCIENCE DEPT","207 RESEARCH STATION RD VGJ RES & EXT CENTER  PLYMOUTH         NC 27962","PLYMOUTH","NC","USA","279629646","ncsu.edu",,,,,"False","A8A88FA0146483F6D1560CC3C1214D02",,"True",,,,,,,,,,,,
"0012400001DNnVfAAL","0012400001DNnVfAAL","BMW MANUFACTURING CORP","1400 HIGHWAY 101 S   GREER            SC 29651","GREER","SC","USA","296516799","bmwmcext.com",,,,,"False","A8A88FA0146483F6D1560CC3C1214D02",,"True",,,,,,,,,,,,
"0012400001DOMFHAA5","0012400001DOMFHAA5","CARTHAGE COLLEGE","2001 ALFORD PARK DR   KENOSHA          WI 53140","KENOSHA","WI","USA","531401994","carthage.edu",,,,,"False","A8A88FA0146483F6D1560CC3C1214D02",,"True",,,,,,,,,,,,
"0012400001DNTnWAAX","0012400001DNTnWAAX","BAINBRIDGE COLLEGE","2500 E SHOTWELL ST   BAINBRIDGE       GA 39819","BAINBRIDGE","GA","USA","398198409","bainbridge.edu",,,,,"False","A8A88FA0146483F6D1560CC3C1214D02",,"True",,,,,,,,,,,,
"0012400001DOQBFAA5","0012400001DOQBFAA5","ROUND MOUNTAIN GOLD CORP","HIGHWAY 376 SMOKY VALLEY MINE ROAD @  ROUND MOUNTAIN   NV 89045","ROUND MOUNTAIN","NV","USA","89045",,,,,,"False","A8A88FA0146483F6D1560CC3C1214D02",,"True",,,,,,,,,,,,
"0012400001DOM42AAH","0012400001DOM42AAH","BRADLEY UNIVERSITY       RECEIVING DEPARTMENT","1308 W BRADLEY AVE   PEORIA           IL 61625","PEORIA","IL","USA","616250001",,,,,,"False","A8A88FA0146483F6D1560CC3C1214D02",,"True",,,,,,,,,,,,
"0012400001DNLfsAAH","0012400001DNLfsAAH","ROSE ACRE FARMS INC","6874 N BASE RD   SEYMOUR          IN 47274","SEYMOUR","IN","USA","472748934","thermofisher.com",,,,,"False","A8A88FA0146483F6D1560CC3C1214D02",,"True",,,,,,,,,,,,
"0012400001DODelAAH","0012400001DODelAAH","NUCOR STEEL ARKANSAS","7301 E COUNTY ROAD 142   BLYTHEVILLE      AR 72315","BLYTHEVILLE","AR","USA","723156917","nucor.com",,,,,"False","A8A88FA0146483F6D1560CC3C1214D02",,"True",,,,,,,,,,,,
"0012400001DNbYnAAL","0012400001DNbYnAAL","CUMMINS ENGINE CO INC    TECHNICAL CTR","1900 MCKINLEY AVE REC LOC #010-CTC  COLUMBUS         IN 47201","COLUMBUS","IN","USA","472016414","cummins.com",,,,,"False","A8A88FA0146483F6D1560CC3C1214D02",,"True",,,,,,,,,,,,
"0012400001DOOnEAAX","0012400001DOOnEAAX","MINE SAFETY APPLI CO","1000 CRANBERRY WOODS DR   CRANBERRY TWP    PA 16066","CRANBERRY TWP","PA","USA","160665296","fishersci.com",,,,,"False","A8A88FA0146483F6D1560CC3C1214D02",,"True",,,,,,,,,,,,
"0012400001DORkwAAH","0012400001DORkwAAH","US DEPT OF AGRICULTURE   AGRICULTURE RESEARCH SVC","5753 NE PLT SOIL WTR LAB UNIV OF MAINE  ORONO            ME 04469","ORONO","ME","USA","044695753","ars.usda.gov",,,,,"False","A8A88FA0146483F6D1560CC3C1214D02",,"True",,,,,,,,,,,,
"0012400001DNgwaAAD","0012400001DNgwaAAD","FLORENCE DARLINGTON TECH","2715 W LUCAS ST   FLORENCE         SC 29501","FLORENCE","SC","USA","295011251","fdtc.edu",,,,,"False","A8A88FA0146483F6D1560CC3C1214D02",,"True",,,,,,,,,,,,
"0012400001DO4ZOAA1","0012400001DO4ZOAA1","CABOT CORPORATION","3200 UNIVERSITY AVE   MARSHALL         TX 75670","MARSHALL","TX","USA","756704842",,,,,,"False","A8A88FA0146483F6D1560CC3C1214D02",,"True",,,,,,,,,,,,
"0012400001DNe1JAAT","0012400001DNe1JAAT","DELAWARE COUNTY COLLEGE","901 MEDIA LINE RD   MEDIA            PA 19063","MEDIA","PA","USA","190631094","dccc.edu",,,,,"False","A8A88FA0146483F6D1560CC3C1214D02",,"True",,,,,,,,,,,,
"0012400001DO0r9AAD","0012400001DO0r9AAD","WESTERN NEW ENGLAND COLL","1215 WILBRAHAM RD   SPRINGFIELD      MA 01119","SPRINGFIELD","MA","USA","011192684","wnec.edu",,,,,"False","A8A88FA0146483F6D1560CC3C1214D02",,"True",,,,,,,,,,,,
"0012400001DNxFMAA1","0012400001DNxFMAA1","WILLIAM JEWELL COLLEGE","500 COLLEGE HL   LIBERTY          MO 64068","LIBERTY","MO","USA","640681896","william.jewell.edu",,,,,"False","A8A88FA0146483F6D1560CC3C1214D02",,"True",,,,,,,,,,,,
"0012400001DNXFLAA5","0012400001DNXFLAA5","METHODIST COLLEGE","5400 RAMSEY ST   FAYETTEVILLE     NC 28311","FAYETTEVILLE","NC","USA","283111498","methodist.edu",,,,,"False","A8A88FA0146483F6D1560CC3C1214D02",,"True",,,,,,,,,,,,
"0012400001DOPCAAA5","0012400001DOPCAAA5","WILDLIFE CONSERVATION    SOCIETY","2300 SOUTHERN BLVD   BRONX            NY 10460","BRONX","NY","USA","104601090","wcs.org",,,,,"False","A8A88FA0146483F6D1560CC3C1214D02",,"True",,,,,,,,,,,,
"0012400001DNhgNAAT","0012400001DNhgNAAT","SAINT SCHOLASTICA COLLEGE","1200 KENWOOD AVE   DULUTH           MN 55811","DULUTH","MN","USA","558114199","css.edu",,,,,"False","A8A88FA0146483F6D1560CC3C1214D02",,"True",,,,,,,,,,,,
"0012400001DOC6fAAH","0012400001DOC6fAAH","STATE OF ARIZONA         GAME&FISH COMMISSION","5000 W CAREFREE HWY   PHOENIX          AZ 85086","PHOENIX","AZ","USA","850865000","azgfd.gov",,,,,"False","A8A88FA0146483F6D1560CC3C1214D02",,"True",,,,,,,,,,,,
"0012400001DO3O1AAL","0012400001DO3O1AAL","AURORA UNIVERSITY","347 S GLADSTONE AVE   AURORA           IL 60506","AURORA","IL","USA","605064892","aurora.edu",,,,,"False","A8A88FA0146483F6D1560CC3C1214D02",,"True",,,,,,,,,,,,
"0012400001DNNPqAAP","0012400001DNNPqAAP","US EPA","11 TECHNOLOGY DR REGION 1 OEME  NORTH CHELMSFORD MA 01863","NORTH CHELMSFORD","MA","USA","018632431","epa.gov",,,,,"False","A8A88FA0146483F6D1560CC3C1214D02",,"True",,,,,,,,,,,,
"0012400001DORkgAAH","0012400001DORkgAAH","US DEPT OF AGRICULTURE   CENTRAL GREAT PLAINS RES","40335 COUNTY ROAD GG   AKRON            CO 80720","AKRON","CO","USA","807209471","ars.usda.gov",,,,,"False","A8A88FA0146483F6D1560CC3C1214D02",,"True",,,,,,,,,,,,
"0012400001DODCkAAP","0012400001DODCkAAP","BUTLER UNIVERSITY","740 W 46TH ST HOLCOMB BLDG RM 024  INDIANAPOLIS     IN 46208","INDIANAPOLIS","IN","USA","46208","butler.edu",,,,,"False","A8A88FA0146483F6D1560CC3C1214D02",,"True",,,,,,,,,,,,
"0012400001DO9UOAA1","0012400001DO9UOAA1","UNION COUNTY COLLEGE","1033 SPRINGFIELD AVE   CRANFORD         NJ 07016","CRANFORD","NJ","USA","070161598",,,,,,"False","A8A88FA0146483F6D1560CC3C1214D02",,"True",,,,,,,,,,,,
"0012400001DNmNTAA1","0012400001DNmNTAA1","BOISE CASCADE INTL INC","400 2ND ST   INTL FALLS       MN 56649","INTL FALLS","MN","USA","566492303","boisepaper.com",,,,,"False","A8A88FA0146483F6D1560CC3C1214D02",,"True",,,,,,,,,,,,
"0012400001DOFJ8AAP","0012400001DOFJ8AAP","BAKERSFIELD COMMUNITY","COLLEGE SHIPPING & RECEIVING 1801 PANORAMA DR BAKERSFIELD      CA 93305","BAKERSFIELD","CA","USA","93305",,,,,,"False","A8A88FA0146483F6D1560CC3C1214D02",,"True",,,,,,,,,,,,
"0012400001DOOHjAAP","0012400001DOOHjAAP","OWENS CORNING FIBERGLAS  CREDIT CARDS ONLY","2790 COLUMBUS RD   GRANVILLE        OH 43023","GRANVILLE","OH","USA","430231200","owenscorning.com",,,,,"False","A8A88FA0146483F6D1560CC3C1214D02",,"True",,,,,,,,,,,,
"0012400001DNROOAA5","0012400001DNROOAA5","US ARMY","TACOM - ARDEC BLDG _____________  PICATINNY ARSNL  NJ 07806","PICATINNY ARSNL","NJ","USA","07806","us.army.mil",,,,,"False","A8A88FA0146483F6D1560CC3C1214D02",,"True",,,,,,,,,,,,
"0012400001DOOYLAA5","0012400001DOOYLAA5","LOYOLA MARYMOUNT UNIV","1 LMU DR   LOS ANGELES      CA 90045","LOS ANGELES","CA","USA","900452622","lmu.edu",,,,,"False","A8A88FA0146483F6D1560CC3C1214D02",,"True",,,,,,,,,,,,
"0012400001DNO5QAAX","0012400001DNO5QAAX","FLORIDA GATEWAY COLLEGE","149 SE COLLEGE PL   LAKE CITY        FL 32025","LAKE CITY","FL","USA","320252006",,,,,,"False","A8A88FA0146483F6D1560CC3C1214D02",,"True",,,,,,,,,,,,
"0012400001DO7atAAD","0012400001DO7atAAD","OMYA INC                 NORTH AMERICAN CORP HEDQ","39 MAIN ST BLDG 1 LAB  PROCTOR          VT 05765","PROCTOR","VT","USA","057651178","thermofisher.com",,,,,"False","A8A88FA0146483F6D1560CC3C1214D02",,"True",,,,,,,,,,,,
"0012400001DNUK9AAP","0012400001DNUK9AAP","SUPREME FILL","1445 N. FIESTA STE.100   GILBERT          AZ 85233","GILBERT","AZ","USA","85233",,,,,,"False","A8A88FA0146483F6D1560CC3C1214D02",,"True",,,,,,,,,,,,
"0012400001DNL01AAH","0012400001DNL01AAH","BALDWIN WALLACE UNIVERSIT","400 N ROCKY RIVER DR   BEREA            OH 44017","BEREA","OH","USA","440171673","bw.edu",,,,,"False","A8A88FA0146483F6D1560CC3C1214D02",,"True",,,,,,,,,,,,
"0012400001DOJeUAAX","0012400001DOJeUAAX","HEXION INC.","200 RAILROAD ST   ROEBUCK          SC 29376","ROEBUCK","SC","USA","293763121","momentive.com",,,,,"False","A8A88FA0146483F6D1560CC3C1214D02",,"True",,,,,,,,,,,,
"0012400001DOP62AAH","0012400001DOP62AAH","STATE OF NEBRASKA        CHADRON STATE COLLEGE","1000 MAIN ST   CHADRON          NE 69337","CHADRON","NE","USA","693372667","csc.edu",,,,,"False","A8A88FA0146483F6D1560CC3C1214D02",,"True",,,,,,,,,,,,
"0012400001DNqKEAA1","0012400001DNqKEAA1","MURRAY STATE COLLEGE","1 MURRAY CAMPUS ST   TISHOMINGO       OK 73460","TISHOMINGO","OK","USA","734603122","mscok.edu",,,,,"False","A8A88FA0146483F6D1560CC3C1214D02",,"True",,,,,,,,,,,,
"0012400001DNq93AAD","0012400001DNq93AAD","PRAIRIE STATE COLLEGE","202 S HALSTED ST   CHICAGO HEIGHTS  IL 60411","CHICAGO HEIGHTS","IL","USA","604118226","prairiestate.edu",,,,,"False","A8A88FA0146483F6D1560CC3C1214D02",,"True",,,,,,,,,,,,
"0012400001DOGbpAAH","0012400001DOGbpAAH","SALUS UNIVERSITY","8360 OLD YORK RD   ELKINS PARK      PA 19027","ELKINS PARK","PA","USA","190271516","salus.edu",,,,,"False","A8A88FA0146483F6D1560CC3C1214D02",,"True",,,,,,,,,,,,
"0012400001DNtM4AAL","0012400001DNtM4AAL","ALLEGHENY COLLEGE        BIOLOGY DEPT","433 PARK AVE NEW SCIENCE COMPLEX  MEADVILLE        PA 16335","MEADVILLE","PA","USA","163350001","allegheny.edu",,,,,"False","A8A88FA0146483F6D1560CC3C1214D02",,"True",,,,,,,,,,,,
"0012400001DNx8vAAD","0012400001DNx8vAAD","ITAWAMBA COMMUNITY       COLLEGE","602 W HILL ST ATTN SCIENCE DEPARTMENT  FULTON           MS 38843","FULTON","MS","USA","38843",,,,,,"False","A8A88FA0146483F6D1560CC3C1214D02",,"True",,,,,,,,,,,,
"0012400001DNOIXAA5","0012400001DNOIXAA5","COMMONWEALTH OF MASS     ROXBURY COMMUNITY COLLEGE","1234 COLUMBUS AVE   BOSTON           MA 02120","BOSTON","MA","USA","021203423","thermofisher.com",,,,,"False","A8A88FA0146483F6D1560CC3C1214D02",,"True",,,,,,,,,,,,
"0012400001DNg5IAAT","0012400001DNg5IAAT","CAREFUSION               ATT:BLANCA SORIA","1550 NORTHWESTERN DR   EL PASO          TX 79912","EL PASO","TX","USA","799128000","hotmail.com",,,,,"False","A8A88FA0146483F6D1560CC3C1214D02",,"True",,,,,,,,,,,,
"0012400001DODfQAAX","0012400001DODfQAAX","GAMBRO HEALTHCARE","1845 MASON AVE   DAYTONA BEACH    FL 32117","DAYTONA BEACH","FL","USA","321175102","us.gambro.com",,,,,"False","A8A88FA0146483F6D1560CC3C1214D02",,"True",,,,,,,,,,,,
"0012400001DNy7eAAD","0012400001DNy7eAAD","MISSISSIPPI COLLEGE","200 S CAPITOL   CLINTON          MS 39058","CLINTON","MS","USA","390580001","mc.edu",,,,,"False","A8A88FA0146483F6D1560CC3C1214D02",,"True",,,,,,,,,,,,
"0012400001DO4tvAAD","0012400001DO4tvAAD","EASTERN NEW MEXICO UNIV","1500 SOUTH AVE K STATION 33  PORTALES         NM 88130","PORTALES","NM","USA","88130","enmu.edu",,,,,"False","A8A88FA0146483F6D1560CC3C1214D02",,"True",,,,,,,,,,,,
"0012400001DNiqZAAT","0012400001DNiqZAAT","COMMONWEALTH OF VA       LONGWOOD UNIVERSITY","201 HIGH STREET CHICHESTER 102 SCI CTR  FARMVILLE        VA 23909","FARMVILLE","VA","USA","23909",,,,,,"False","A8A88FA0146483F6D1560CC3C1214D02",,"True",,,,,,,,,,,,
"0012400001DO77BAAT","0012400001DO77BAAT","STATE OF MONTANA         NORTHERN MONTANA COLLEGE","300 11TH ST W   HAVRE            MT 59501","HAVRE","MT","USA","595014917","msun.edu",,,,,"False","A8A88FA0146483F6D1560CC3C1214D02",,"True",,,,,,,,,,,,
"0012400001DNqv8AAD","0012400001DNqv8AAD","HP HOOD INC","160 HOOD WAY   WINCHESTER       VA 22602","WINCHESTER","VA","USA","226025321","thermofisher.com",,,,,"False","A8A88FA0146483F6D1560CC3C1214D02",,"True",,,,,,,,,,,,
"0012400001DNKt0AAH","0012400001DNKt0AAH","SUNEDISON SEMICONDUCTOR","501 PEARL DR   SAINT PETERS     MO 63376","SAINT PETERS","MO","USA","633761071","memc.com",,,,,"False","A8A88FA0146483F6D1560CC3C1214D02",,"True",,,,,,,,,,,,
"0012400001DNR4mAAH","0012400001DNR4mAAH","VOORHEES COLLEGE         ATTN: CENTRAL RECEIVING","213 WIGGINS ROAD   DENMARK          SC 29042","DENMARK","SC","USA","29042","voorhees.edu",,,,,"False","A8A88FA0146483F6D1560CC3C1214D02",,"True",,,,,,,,,,,,
"0012400001DOMFhAAP","0012400001DOMFhAAP","CATAWBA VALLEY           COMMUNITY COLLEGE","2030 STARTOWN RD   HICKORY          NC 28602","HICKORY","NC","USA","286028308","legsource.com",,,,,"False","A8A88FA0146483F6D1560CC3C1214D02",,"True",,,,,,,,,,,,
"0012400001DNOHsAAP","0012400001DNOHsAAP","FROSTBURG STATE UNIV     CENTRAL RECEIVING","101 BRADDOCK RD STANGLE BUILDING  FROSTBURG        MD 21532","FROSTBURG","MD","USA","215322303","gmail.com",,,,,"False","A8A88FA0146483F6D1560CC3C1214D02",,"True",,,,,,,,,,,,
"0012400001DOQtWAAX","0012400001DOQtWAAX","SOUTHERN CRESCENT        TECHNICAL COLLEGE","501 VARSITY RD   GRIFFIN          GA 30223","GRIFFIN","GA","USA","302232042","griffintech.edu",,,,,"False","A8A88FA0146483F6D1560CC3C1214D02",,"True",,,,,,,,,,,,
"0012400001DOGTNAA5","0012400001DOGTNAA5","OUACHITA BAPTIST UNIV","410 OUACHITA ST   ARKADELPHIA      AR 71998","ARKADELPHIA","AR","USA","719980001",,,,,,"False","A8A88FA0146483F6D1560CC3C1214D02",,"True",,,,,,,,,,,,
"0012400001DNZnzAAH","0012400001DNZnzAAH","TRI-COUNTY TECHNICAL","7900 HIGHWAY 76   PENDLETON        SC 29670","PENDLETON","SC","USA","296708876","tctc.edu",,,,,"False","A8A88FA0146483F6D1560CC3C1214D02",,"True",,,,,,,,,,,,
"0012400001DNivDAAT","0012400001DNivDAAT","WASHINGTON STATE UNIV","14204 NE SALMON CREEK AVE   VANCOUVER        WA 98686","VANCOUVER","WA","USA","986869601","wsu.edu",,,,,"False","A8A88FA0146483F6D1560CC3C1214D02",,"True",,,,,,,,,,,,
"0012400001DNJcQAAX","0012400001DNJcQAAX","FRITO LAY INC","1190 SPRECKELS RD   MANTECA          CA 95336","MANTECA","CA","USA","953368962",,,,,,"False","A8A88FA0146483F6D1560CC3C1214D02",,"True",,,,,,,,,,,,
"0012400001DNyFeAAL","0012400001DNyFeAAL","COLLEGE OF MT ST JOSEPH","5701 DELHI RD   CINCINNATI       OH 45233","CINCINNATI","OH","USA","452331669","mail.msj.edu",,,,,"False","A8A88FA0146483F6D1560CC3C1214D02",,"True",,,,,,,,,,,,
"0012400001DNwsGAAT","0012400001DNwsGAAT","HOWARD COMMUNITY COLLEGE","10901 LITTLE PATUXENT PKY   COLUMBIA         MD 21044","COLUMBIA","MD","USA","210443110","howardcc.edu",,,,,"False","A8A88FA0146483F6D1560CC3C1214D02",,"True",,,,,,,,,,,,
"0012400001DONhiAAH","0012400001DONhiAAH","HONDA R & D AMERICAS INC","21001 STATE ROUTE 739   RAYMOND          OH 43067","RAYMOND","OH","USA","430679705","oh.hra.com",,,,,"False","A8A88FA0146483F6D1560CC3C1214D02",,"True",,,,,,,,,,,,
"0012400001DNSTRAA5","0012400001DNSTRAA5","CALHOUN COMMUNITY COLLEGE","6250 US HIGHWAY 31   TANNER           AL 35671","TANNER","AL","USA","356714028","calhoun.edu",,,,,"False","A8A88FA0146483F6D1560CC3C1214D02",,"True",,,,,,,,,,,,
"0012400001DO8k0AAD","0012400001DO8k0AAD","ALUMINUM CO OF AMERICA   ARIBA ORDERS ONLY","4879 STATE ST   BETTENDORF       IA 52722","BETTENDORF","IA","USA","527225775","thermofisher.com",,,,,"False","A8A88FA0146483F6D1560CC3C1214D02",,"True",,,,,,,,,,,,
"0012400001DOEVDAA5","0012400001DOEVDAA5","HAYWOOD COMMUNITY COLLEGE","185 FREEDLANDER DR   CLYDE            NC 28721","CLYDE","NC","USA","287219432","haywood.edu",,,,,"False","A8A88FA0146483F6D1560CC3C1214D02",,"True",,,,,,,,,,,,
"0012400001DNMg1AAH","0012400001DNMg1AAH","UNIVERSITY OF FLORIDA    GCREC","14625 COUNTY ROAD 672   WIMAUMA          FL 33598","WIMAUMA","FL","USA","335986101","ufl.edu",,,,,"False","A8A88FA0146483F6D1560CC3C1214D02",,"True",,,,,,,,,,,,
"0012400001DNhlOAAT","0012400001DNhlOAAT","SCHENECTADY COUNTY       COMMUNITY COLLEGE","78 WASHINGTON AVE   SCHENECTADY      NY 12305","SCHENECTADY","NY","USA","123052215","sunysccc.edu",,,,,"False","A8A88FA0146483F6D1560CC3C1214D02",,"True",,,,,,,,,,,,
"0012400001DO8waAAD","0012400001DO8waAAD","SANTA ROSA JUNIOR COLLEGE","1880 ARMORY DR   SANTA ROSA       CA 95401","SANTA ROSA","CA","USA","954014303",,,,,,"False","A8A88FA0146483F6D1560CC3C1214D02",,"True",,,,,,,,,,,,
"0012400001DNMLGAA5","0012400001DNMLGAA5","DRISCOLL STRAWBERRY      ASSOCIATES INC","151 SILLIMAN RD   WATSONVILLE      CA 95076","WATSONVILLE","CA","USA","950769459","driscolls.com",,,,,"False","A8A88FA0146483F6D1560CC3C1214D02",,"True",,,,,,,,,,,,
"0012400001DNil4AAD","0012400001DNil4AAD","COMMONWEALTH OF VA       PATRICK HENRY COMM COLL","645 PATRIOTS AVE   MARTINSVILLE     VA 24112","MARTINSVILLE","VA","USA","241126693",,,,,,"False","A8A88FA0146483F6D1560CC3C1214D02",,"True",,,,,,,,,,,,
"0012400001DNqvUAAT","0012400001DNqvUAAT","ROBERT MORRIS UNIVERSITY","6001 UNIVERSITY BLVD   MOON TOWNSHIP    PA 15108","MOON TOWNSHIP","PA","USA","151081189","rmu.edu",,,,,"False","A8A88FA0146483F6D1560CC3C1214D02",,"True",,,,,,,,,,,,
"0012400001DNp6cAAD","0012400001DNp6cAAD","3M COMPANY","600 E. MEIGS   VALLEY           NE 68064","VALLEY","NE","USA","68064",,,,,,"False","A8A88FA0146483F6D1560CC3C1214D02",,"True",,,,,,,,,,,,
"0012400001DOFquAAH","0012400001DOFquAAH","MISSISSIPPI UNIVERSITY   FOR WOMEN","1100 COLLEGE ST MUW-100  COLUMBUS         MS 39701","COLUMBUS","MS","USA","39701","as.muw.edu",,,,,"False","A8A88FA0146483F6D1560CC3C1214D02",,"True",,,,,,,,,,,,
"0012400001DORZwAAP","0012400001DORZwAAP","WENTWORTH INST OF TECH.","115 WARD ST   BOSTON           MA 02120","BOSTON","MA","USA","021201703","wit.edu",,,,,"False","A8A88FA0146483F6D1560CC3C1214D02",,"True",,,,,,,,,,,,
"0012400001DOA4UAAX","0012400001DOA4UAAX","US ENVIRON PROTECTN AGNCY","2890 WOODBRIDGE AVE BLDG 209  EDISON           NJ 08837","EDISON","NJ","USA","088373602","epa.gov",,,,,"False","A8A88FA0146483F6D1560CC3C1214D02",,"True",,,,,,,,,,,,
"0012400001DON73AAH","0012400001DON73AAH","GAINESVILLE-ALACHUA CNTY REGIONAL UTILITIES","10001 NW 13TH ST   GAINESVILLE      FL 32653","GAINESVILLE","FL","USA","32653","gru.com",,,,,"False","A8A88FA0146483F6D1560CC3C1214D02",,"True",,,,,,,,,,,,
"0012400001DOEQKAA5","0012400001DOEQKAA5","GULF COAST STATE COLLEGE","5230 W HIGHWAY 98   PANAMA CITY      FL 32401","PANAMA CITY","FL","USA","324011058","gulfcoast.edu",,,,,"False","A8A88FA0146483F6D1560CC3C1214D02",,"True",,,,,,,,,,,,
"0012400001DNftPAAT","0012400001DNftPAAT","THE UNIVERSITY OF WEST   ALABAMA","MAINTENANCE & REC BLDG   LIVINGSTON       AL 35470","LIVINGSTON","AL","USA","35470","uwa.edu",,,,,"False","A8A88FA0146483F6D1560CC3C1214D02",,"True",,,,,,,,,,,,
"0012400001DNdUnAAL","0012400001DNdUnAAL","GEORGIA HIGHLANDS COLLEGE","3175 CEDARTOWN SE HWY   ROME             GA 30161","ROME","GA","USA","301613897","highlands.edu",,,,,"False","A8A88FA0146483F6D1560CC3C1214D02",,"True",,,,,,,,,,,,
"0012400001DNZPtAAP","0012400001DNZPtAAP","STARK STATE COLLEGE      OF TECHNOLOGY","6200 FRANK AVE NW   CANTON           OH 44720","CANTON","OH","USA","447207299","thermofisher.com",,,,,"False","A8A88FA0146483F6D1560CC3C1214D02",,"True",,,,,,,,,,,,
"0012400001DNfFVAA1","0012400001DNfFVAA1","US DOJ DEA               SOUTH CENTRAL LAB","10150 TECHNOLOGY E BLVD   DALLAS           TX 75220","DALLAS","TX","USA","75220","usdoj.gov",,,,,"False","A8A88FA0146483F6D1560CC3C1214D02",,"True",,,,,,,,,,,,
"0012400001DNnKOAA1","0012400001DNnKOAA1","FLINT INK INC","2675 HENKLE DR   LEBANON          OH 45036","LEBANON","OH","USA","450368027","flintgrp.com",,,,,"False","A8A88FA0146483F6D1560CC3C1214D02",,"True",,,,,,,,,,,,
"0012400001DO9UFAA1","0012400001DO9UFAA1","GRAFTECH INTERNATIONAL LT","982 KEYNOTE CIRCLE   BROOKLYN HEIGHTS OH 44131","BROOKLYN HEIGHTS","OH","USA","44131","graftech.com",,,,,"False","A8A88FA0146483F6D1560CC3C1214D02",,"True",,,,,,,,,,,,
"0012400001DNsvHAAT","0012400001DNsvHAAT","SOUTH CENTRAL COLLEGE","1920 LEE BLVD   NORTH MANKATO    MN 56003","NORTH MANKATO","MN","USA","560032508","southcentral.edu",,,,,"False","A8A88FA0146483F6D1560CC3C1214D02",,"True",,,,,,,,,,,,
"0012400001DO79VAAT","0012400001DO79VAAT","MOTE MARINE LABORATORY","1600 KEN THOMPSON PKWY   SARASOTA         FL 34236","SARASOTA","FL","USA","342361096","mote.org",,,,,"False","A8A88FA0146483F6D1560CC3C1214D02",,"True",,,,,,,,,,,,
"0012400001DNMfiAAH","0012400001DNMfiAAH","STATE OF FLORIDA         SW FL REGIONAL CRIME LAB","4700 TERMINAL DR   FORT MYERS       FL 33907","FORT MYERS","FL","USA","339071559","myfloridacfo.com",,,,,"False","A8A88FA0146483F6D1560CC3C1214D02",,"True",,,,,,,,,,,,
"0012400001DNjGdAAL","0012400001DNjGdAAL","DOI USGS                 WESTERN FISHERIES RES CTR","6505 NE 65TH ST   SEATTLE          WA 98115","SEATTLE","WA","USA","981155016","usgs.gov",,,,,"False","A8A88FA0146483F6D1560CC3C1214D02",,"True",,,,,,,,,,,,
"0012400001DOEGMAA5","0012400001DOEGMAA5","STATE OF GEORGIA         GA SOUTHWESTERN ST UNIVER","800 GSW STATE UNIV DR   AMERICUS         GA 31709","AMERICUS","GA","USA","317094636","gsw.edu",,,,,"False","A8A88FA0146483F6D1560CC3C1214D02",,"True",,,,,,,,,,,,
"0012400001DNynKAAT","0012400001DNynKAAT","PEARL RIVER              JUNIOR COLLEGE","RECEIVING WAREHOUSE   POPLARVILLE      MS 39470","POPLARVILLE","MS","USA","39470",,,,,,"False","A8A88FA0146483F6D1560CC3C1214D02",,"True",,,,,,,,,,,,
"0012400001DOENoAAP","0012400001DOENoAAP","CRYOVAC SEALED AIR CORP","100 ROGERS BRIDGE RD BLDG A  DUNCAN           SC 29334","DUNCAN","SC","USA","293349731","sealedair.com",,,,,"False","A8A88FA0146483F6D1560CC3C1214D02",,"True",,,,,,,,,,,,
"0012400001DNV9sAAH","0012400001DNV9sAAH","AKZO NOBEL AEROSPACE     COATINGS INC","1 E WATER ST   WAUKEGAN         IL 60085","WAUKEGAN","IL","USA","600855635","akzonobel.com",,,,,"False","A8A88FA0146483F6D1560CC3C1214D02",,"True",,,,,,,,,,,,
"0012400001DNrxqAAD","0012400001DNrxqAAD","WIDENER UNIVERSITY       KIRKBRIDE HALL","1601 WALNUT STREET SCIENCE OFFICE RM 323  CHESTER          PA 19013","CHESTER","PA","USA","19013","widener.edu",,,,,"False","A8A88FA0146483F6D1560CC3C1214D02",,"True",,,,,,,,,,,,
