"External_ID","CrmAccount_External_ID","Display_Name","Address_Street_1","City","State_Province","Country","Zip","URL","Est_Yearly_Revenue","Number_Of_Employees","NAICS_Code","SIC_Code","IsCorporateAccount","vertical","Territory_External_ID","IsActive","address_street_2","alt_id","businessunit_external_id","est_yearly_revenue_currency_external_id","latitude","link_url","loadchunknumber","longitude","matcher_company_name","owner_external_id","parent_external_id","twitter_handle"
"0012400001DOIyfAAH","0012400001DOIyfAAH","ANDOVER COATED PRODUCTS","9 FANARAS DR   SALISBURY        MA 01952","SALISBURY","MA","USA","019521444","andoverhealthcare.com",,,,,"False","A8A88FA0146483F6D1560CC3C1214D02",,"True",,,,,,,,,,,,
"0012400001DOQHpAAP","0012400001DOQHpAAP","USARIEM","10 GENERAL GREENE AVE BLDG 42  NATICK           MA 01760","NATICK","MA","USA","01760","us.army.mil",,,,,"False","A8A88FA0146483F6D1560CC3C1214D02",,"True",,,,,,,,,,,,
"0012400001DNnLFAA1","0012400001DNnLFAA1","STATE OF FLORIDA         DEPT OF TRANSPORTATION","5007 NE 39TH AVE   GAINESVILLE      FL 32609","GAINESVILLE","FL","USA","326092604","hughes.net",,,,,"False","A8A88FA0146483F6D1560CC3C1214D02",,"True",,,,,,,,,,,,
"0012400001DOMGIAA5","0012400001DOMGIAA5","CENTRAL CAROLINA         COMMUNITY COLLEGE","1105 KELLY DR   SANFORD          NC 27330","SANFORD","NC","USA","273309840",,,,,,"False","A8A88FA0146483F6D1560CC3C1214D02",,"True",,,,,,,,,,,,
"0012400001DNRE9AAP","0012400001DNRE9AAP","WILLAMETTE UNIVERSITY","900 STATE ST   SALEM            OR 97301","SALEM","OR","USA","973013922","willamette.edu",,,,,"False","A8A88FA0146483F6D1560CC3C1214D02",,"True",,,,,,,,,,,,
"0012400001DNdonAAD","0012400001DNdonAAD","NORTH CAROLINA STATE     COASTL CAROLINA COMM COLL","444 WESTERN BLVD   JACKSONVILLE     NC 28546","JACKSONVILLE","NC","USA","285466816","coastalcarolina.edu",,,,,"False","A8A88FA0146483F6D1560CC3C1214D02",,"True",,,,,,,,,,,,
"0012400001DORpbAAH","0012400001DORpbAAH","US FDA","645 SOUTH NEWSTEAD   SAINT LOUIS      MO 63110","SAINT LOUIS","MO","USA","63110","fda.hhs.gov",,,,,"False","A8A88FA0146483F6D1560CC3C1214D02",,"True",,,,,,,,,,,,
"0012400001DNLmIAAX","0012400001DNLmIAAX","BRIAR CLIFF UNIVERSITY","3303 REBECCA ST   SIOUX CITY       IA 51104","SIOUX CITY","IA","USA","511042324","briarcliff.edu",,,,,"False","A8A88FA0146483F6D1560CC3C1214D02",,"True",,,,,,,,,,,,
"0012400001DNp3bAAD","0012400001DNp3bAAD","METROPOLITAN WATER       RECLAMATION OF CHICAGO","6001 W PERSHING RD R & D LAB  CICERO           IL 60804","CICERO","IL","USA","608044112",,,,,,"False","A8A88FA0146483F6D1560CC3C1214D02",,"True",,,,,,,,,,,,
"0012400001DO9shAAD","0012400001DO9shAAD","U S DEPT OF AGRICULTURE  PPRL","1150 E 1400 N   LOGAN            UT 84341","LOGAN","UT","USA","843412881","ars.usda.gov",,,,,"False","A8A88FA0146483F6D1560CC3C1214D02",,"True",,,,,,,,,,,,
"0012400001DO7mqAAD","0012400001DO7mqAAD","PENSACOLA STATE COLLEGE  RECEIVING DEPARTMENT","1000 COLLEGE BLVD NO FRIDAY DELIVERIES  PENSACOLA        FL 32504","PENSACOLA","FL","USA","325048998","pjc.edu",,,,,"False","A8A88FA0146483F6D1560CC3C1214D02",,"True",,,,,,,,,,,,
"0012400001DNaaHAAT","0012400001DNaaHAAT","APPLE COMPUTER INC","1 INFINITE LOOP   CUPERTINO        CA 95014","CUPERTINO","CA","USA","950142084","apple.com",,,,,"False","A8A88FA0146483F6D1560CC3C1214D02",,"True",,,,,,,,,,,,
"0012400001DNfEOAA1","0012400001DNfEOAA1","IONA COLLEGE","715 NORTH AVE   NEW ROCHELLE     NY 10801","NEW ROCHELLE","NY","USA","108011890","iona.edu",,,,,"False","A8A88FA0146483F6D1560CC3C1214D02",,"True",,,,,,,,,,,,
"0012400001DO0tuAAD","0012400001DO0tuAAD","WARREN WILSON COLLEGE","701 WARREN WILSON RD   SWANNANOA        NC 28778","SWANNANOA","NC","USA","287782087","warren-wilson.edu",,,,,"False","A8A88FA0146483F6D1560CC3C1214D02",,"True",,,,,,,,,,,,
"0012400001DNZjnAAH","0012400001DNZjnAAH","STEPHEN F AUSTIN UNIV    CENTRAL RECEIVING","2124 WILSON DR N   NACOGDOCHES      TX 75962","NACOGDOCHES","TX","USA","759620001","sfasu.edu",,,,,"False","A8A88FA0146483F6D1560CC3C1214D02",,"True",,,,,,,,,,,,
"0012400001DONaNAAX","0012400001DONaNAAX","HOLYOKE COMMUNITY COLLEGERECEIVING RM /FROST BLDG","303 HOMESTEAD AVE   HOLYOKE          MA 01040","HOLYOKE","MA","USA","010401099","hcc.edu",,,,,"False","A8A88FA0146483F6D1560CC3C1214D02",,"True",,,,,,,,,,,,
"0012400001DO9sjAAD","0012400001DO9sjAAD","US DEPT OF AGRICULTURE   PLUM ISLAND","40550 MAIN RD   ORIENT           NY 11957","ORIENT","NY","USA","119571130","ars.usda.gov",,,,,"False","A8A88FA0146483F6D1560CC3C1214D02",,"True",,,,,,,,,,,,
"0012400001DNS4DAAX","0012400001DNS4DAAX","PARKER HANNIFIN          INDUSTRIAL HOSE DIV","30242 LAKELAND BLVD   WICKLIFFE        OH 44092","WICKLIFFE","OH","USA","440921747","parker.com",,,,,"False","A8A88FA0146483F6D1560CC3C1214D02",,"True",,,,,,,,,,,,
"0012400001DNmn9AAD","0012400001DNmn9AAD","COLUMBUS STATE UNIV      PLANT OPERATION","4225 UNIVERSITY AVE CENTRAL RCVG  COLUMBUS         GA 31907","COLUMBUS","GA","USA","319075645","columbusstate.edu",,,,,"False","A8A88FA0146483F6D1560CC3C1214D02",,"True",,,,,,,,,,,,
"0012400001DOF5fAAH","0012400001DOF5fAAH","JOLIET JR COLLEGE DIST 52","1215 HOUBOLT RD   JOLIET           IL 60431","JOLIET","IL","USA","604318938","jjc.edu",,,,,"False","A8A88FA0146483F6D1560CC3C1214D02",,"True",,,,,,,,,,,,
"0012400001DNMk4AAH","0012400001DNMk4AAH","ANADYS PHARMACEUTICALS","5871 OBERLIN DR STE 200  SAN DIEGO        CA 92121","SAN DIEGO","CA","USA","921213732",,,,,,"False","A8A88FA0146483F6D1560CC3C1214D02",,"True",,,,,,,,,,,,
"0012400001DNyZLAA1","0012400001DNyZLAA1","NORTHEASTERN ILLINOIS    UNIVERSITY","5500 N ST LOUIS AVE   CHICAGO          IL 60625","CHICAGO","IL","USA","60625","neiu.edu",,,,,"False","A8A88FA0146483F6D1560CC3C1214D02",,"True",,,,,,,,,,,,
"0012400001DNN1SAAX","0012400001DNN1SAAX","GRAIN PROCESSING CORP","1600 OREGON ST   MUSCATINE        IA 52761","MUSCATINE","IA","USA","527611404","grainprocessing.com",,,,,"False","A8A88FA0146483F6D1560CC3C1214D02",,"True",,,,,,,,,,,,
"0012400001DO8csAAD","0012400001DO8csAAD","HENRY FORD COLLEGE","5101 EVERGREEN BUSINESS SERVICES  DEARBORN         MI 48128","DEARBORN","MI","USA","48128","thermofisher.com",,,,,"False","A8A88FA0146483F6D1560CC3C1214D02",,"True",,,,,,,,,,,,
"0012400001DNoonAAD","0012400001DNoonAAD","ANGELO STATE UNIVERSITY  CENTRAL STORES","SOUTH JACKSON STREET   SAN ANGELO       TX 76901","SAN ANGELO","TX","USA","76901","angelo.edu",,,,,"False","A8A88FA0146483F6D1560CC3C1214D02",,"True",,,,,,,,,,,,
"0012400001DOInyAAH","0012400001DOInyAAH","US DEPT OF AGRICULTURE   NORTH CENTRAL AG","2923 MEDARY AVE RESEARCH LAB  BROOKINGS        SD 57006","BROOKINGS","SD","USA","570064267","ars.usda.gov",,,,,"False","A8A88FA0146483F6D1560CC3C1214D02",,"True",,,,,,,,,,,,
"0012400001DNPqSAAX","0012400001DNPqSAAX","CORNING INCORPORATED","334 COUNTY ROUTE 16   CANTON           NY 13617","CANTON","NY","USA","136173135",,,,,,"False","A8A88FA0146483F6D1560CC3C1214D02",,"True",,,,,,,,,,,,
"0012400001DNkgyAAD","0012400001DNkgyAAD","OCHSNER RESEARCH         ATTN: RECEIVING DOCK","1514 JEFFERSON HWY NEW RES BLDG ROOM 1N505A  JEFFERSON        LA 70121","JEFFERSON","LA","USA","70121",,,,,,"False","A8A88FA0146483F6D1560CC3C1214D02",,"True",,,,,,,,,,,,
"0012400001DNy12AAD","0012400001DNy12AAD","MERCY COLLEGE","555 BROADWAY FRNT  DOBBS FERRY      NY 10522","DOBBS FERRY","NY","USA","105221189","mercy.edu",,,,,"False","A8A88FA0146483F6D1560CC3C1214D02",,"True",,,,,,,,,,,,
"0012400001DNg6ZAAT","0012400001DNg6ZAAT","MERCYHURST COLLEGE","501 E 38TH ST   ERIE             PA 16546","ERIE","PA","USA","165460001","mercyhurst.edu",,,,,"False","A8A88FA0146483F6D1560CC3C1214D02",,"True",,,,,,,,,,,,
"0012400001DNvpKAAT","0012400001DNvpKAAT","GRAND RAPIDS COMMUNITY   COLLEGE","151 FOUNTAIN ST NE   GRAND RAPIDS     MI 49503","GRAND RAPIDS","MI","USA","495033263","grcc.edu",,,,,"False","A8A88FA0146483F6D1560CC3C1214D02",,"True",,,,,,,,,,,,
"0012400001DNrxLAAT","0012400001DNrxLAAT","WHEELING JESUIT UNIV","316 WASHINGTON AVE   WHEELING         WV 26003","WHEELING","WV","USA","260036295",,,,,,"False","A8A88FA0146483F6D1560CC3C1214D02",,"True",,,,,,,,,,,,
"0012400001DO9qBAAT","0012400001DO9qBAAT","XEROX CORP               ATTN:","800 PHILLIPS RD BLDG 208 DOCK 2  WEBSTER          NY 14580","WEBSTER","NY","USA","145809791","xerox.com",,,,,"False","A8A88FA0146483F6D1560CC3C1214D02",,"True",,,,,,,,,,,,
"0012400001DNsT8AAL","0012400001DNsT8AAL","GLOBAL MEDICAL           INSTRUMENTATION","6511 BUNKER LAKE BLVD NW   RAMSEY           MN 55303","RAMSEY","MN","USA","553035409","saws.org",,,,,"False","A8A88FA0146483F6D1560CC3C1214D02",,"True",,,,,,,,,,,,
"0012400001DNYRcAAP","0012400001DNYRcAAP","METROPOLITAN WATER DIST  OF SO CALIF","3201 WHEELER AVE   LA VERNE         CA 91750","LA VERNE","CA","USA","917504200","mwdh2o.com",,,,,"False","A8A88FA0146483F6D1560CC3C1214D02",,"True",,,,,,,,,,,,
"0012400001DNQulAAH","0012400001DNQulAAH","TYLER JUNIOR COLLEGE     RECEIVING DEPT","1400 E DEVINE ST   TYLER            TX 75701","TYLER","TX","USA","757012207","tjc.edu",,,,,"False","A8A88FA0146483F6D1560CC3C1214D02",,"True",,,,,,,,,,,,
"0012400001DNaD2AAL","0012400001DNaD2AAL","YORK TECHNICAL COLLEGE   SHIPPING & RECEIVING","452 S ANDERSON RD   ROCK HILL        SC 29730","ROCK HILL","SC","USA","297303395","yorktech.edu",,,,,"False","A8A88FA0146483F6D1560CC3C1214D02",,"True",,,,,,,,,,,,
"0012400001DNJMcAAP","0012400001DNJMcAAP","USDA-ARS                 SUGARCANE RESEARCH UNIT","5883 USDA RD   HOUMA            LA 70360","HOUMA","LA","USA","703605578","ars.usda.gov",,,,,"False","A8A88FA0146483F6D1560CC3C1214D02",,"True",,,,,,,,,,,,
"0012400001DNuqyAAD","0012400001DNuqyAAD","DORMAN PRODUCTS","3400 E WALNUT ST   COLMAR           PA 18915","COLMAR","PA","USA","189159768",,,,,,"False","A8A88FA0146483F6D1560CC3C1214D02",,"True",,,,,,,,,,,,
"0012400001DNiw0AAD","0012400001DNiw0AAD","WEATHERFORD COLLEGE      PARKER CTY JR COLL DIST","225 COLLEGE PARK DR   WEATHERFORD      TX 76086","WEATHERFORD","TX","USA","760865699","wc.edu",,,,,"False","A8A88FA0146483F6D1560CC3C1214D02",,"True",,,,,,,,,,,,
"0012400001DOSDoAAP","0012400001DOSDoAAP","GE HEALTH CARE","160 LOCKE DRIVE   MARLBOROUGH      MA 01752","MARLBOROUGH","MA","USA","01752","ge.com",,,,,"False","A8A88FA0146483F6D1560CC3C1214D02",,"True",,,,,,,,,,,,
"0012400001DNOlSAAX","0012400001DNOlSAAX","NEW YORK BOTANICAL GARDEN","2900 SOUTHERN BLVD   BRONX            NY 10458","BRONX","NY","USA","104585153","nybg.org",,,,,"False","A8A88FA0146483F6D1560CC3C1214D02",,"True",,,,,,,,,,,,
"0012400001DO8FgAAL","0012400001DO8FgAAL","BRIGHAM YOUNG UNIV-IDAHO STORES & RECEIVING DEPT","525 S CENTER ST   REXBURG          ID 83460","REXBURG","ID","USA","834602414","byui.edu",,,,,"False","A8A88FA0146483F6D1560CC3C1214D02",,"True",,,,,,,,,,,,
"0012400001DOMa2AAH","0012400001DOMa2AAH","GEORGIA STATE UNIVERSITY LIFE/EARTH SCIENCE","2101 WOMACK RD SUITE NE2232  DUNWOODY         GA 30338","DUNWOODY","GA","USA","30338","gpc.edu",,,,,"False","A8A88FA0146483F6D1560CC3C1214D02",,"True",,,,,,,,,,,,
"0012400001DOEn5AAH","0012400001DOEn5AAH","AMERICAN SNUFF CO","5106 TRADEPORT DR   MEMPHIS          TN 38141","MEMPHIS","TN","USA","381418235","rjrt.com",,,,,"False","A8A88FA0146483F6D1560CC3C1214D02",,"True",,,,,,,,,,,,
"0012400001DNKudAAH","0012400001DNKudAAH","AUGUSTANA COLLEGE","639 38TH ST   ROCK ISLAND      IL 61201","ROCK ISLAND","IL","USA","612012296","augustana.edu",,,,,"False","A8A88FA0146483F6D1560CC3C1214D02",,"True",,,,,,,,,,,,
"0012400001DORSlAAP","0012400001DORSlAAP","CHRISTOPHER NEWPORT      UNIVERSITY","1 AVENUE OF THE ARTS   NEWPORT NEWS     VA 23606","NEWPORT NEWS","VA","USA","23606",,,,,,"False","A8A88FA0146483F6D1560CC3C1214D02",,"True",,,,,,,,,,,,
"0012400001DORFDAA5","0012400001DORFDAA5","TEXAS SOUTHERN UNIVERSITYCENTRAL RECEIVING","3715 BLODGETT ST   HOUSTON          TX 77004","HOUSTON","TX","USA","770046470","tsu.edu",,,,,"False","A8A88FA0146483F6D1560CC3C1214D02",,"True",,,,,,,,,,,,
"0012400001DNdtWAAT","0012400001DNdtWAAT","CONCORDIA UNIVERSITY","7400 AUGUSTA ST   RIVER FOREST     IL 60305","RIVER FOREST","IL","USA","603051402",,,,,,"False","A8A88FA0146483F6D1560CC3C1214D02",,"True",,,,,,,,,,,,
"0012400001DNJRbAAP","0012400001DNJRbAAP","ADVANCED TECHNOLOGY      MATERIALS INC","7 COMMERCE DR   DANBURY          CT 06810","DANBURY","CT","USA","068104131","entegris.com",,,,,"False","A8A88FA0146483F6D1560CC3C1214D02",,"True",,,,,,,,,,,,
"0012400001DONVPAA5","0012400001DONVPAA5","HEINZ N INNOVATION CTR","1000 ERICSSON DRIVE   WARRENDALE       PA 15086","WARRENDALE","PA","USA","150867502","us.hjheinz.com",,,,,"False","A8A88FA0146483F6D1560CC3C1214D02",,"True",,,,,,,,,,,,
"0012400001DNdomAAD","0012400001DNdomAAD","ORANGE COAST COLLEGE","2701 FAIRVIEW RD   COSTA MESA       CA 92626","COSTA MESA","CA","USA","926265561","occ.cccd.edu",,,,,"False","A8A88FA0146483F6D1560CC3C1214D02",,"True",,,,,,,,,,,,
"0012400001DNepPAAT","0012400001DNepPAAT","HAGERSTOWN COMMUNITY     COLLEGE","11400 ROBINWOOD DR   HAGERSTOWN       MD 21742","HAGERSTOWN","MD","USA","217426514",,,,,,"False","A8A88FA0146483F6D1560CC3C1214D02",,"True",,,,,,,,,,,,
"0012400001DNwH1AAL","0012400001DNwH1AAL","UNIVERSITY OF FLORIDA    NFREC - QUINCY","155 RESEARCH RD   QUINCY           FL 32351","QUINCY","FL","USA","323515677","ufl.edu",,,,,"False","A8A88FA0146483F6D1560CC3C1214D02",,"True",,,,,,,,,,,,
"0012400001DNqd3AAD","0012400001DNqd3AAD","THERMOFISHER SCIENTIFIC  SANDIA NATIONAL LABS","2701-C BROADWAY BLVD NE   ALBUQUERQUE      NM 87107","ALBUQUERQUE","NM","USA","871071524","thermofisher.com",,,,,"False","A8A88FA0146483F6D1560CC3C1214D02",,"True",,,,,,,,,,,,
"0012400001DNj8pAAD","0012400001DNj8pAAD","USDA - ARS - NPA         NATL SEED STRG LAB CC ORD","1111 S MASON ST   FORT COLLINS     CO 80521","FORT COLLINS","CO","USA","805214500","ars.usda.gov",,,,,"False","A8A88FA0146483F6D1560CC3C1214D02",,"True",,,,,,,,,,,,
"0012400001DOHUdAAP","0012400001DOHUdAAP","DEFENSE SUPPLY CENTER    PHILADELPHIA","INSERT ADDRESS INSERT ADDRESS  COLUMBUS         OH 43236","COLUMBUS","OH","USA","432369031","dla.mil",,,,,"False","A8A88FA0146483F6D1560CC3C1214D02",,"True",,,,,,,,,,,,
"0012400001DOGtZAAX","0012400001DOGtZAAX","PURDUE UNIVERSITY        NORTH CENTRAL CAMPUS","1401 S US HIGHWAY 421   WESTVILLE        IN 46391","WESTVILLE","IN","USA","463919542","pnc.edu",,,,,"False","A8A88FA0146483F6D1560CC3C1214D02",,"True",,,,,,,,,,,,
"0012400001DOFbOAAX","0012400001DOFbOAAX","ILLINOIS VALLEY COMM COL","815 N ORLANDO SMITH ST   OGLESBY          IL 61348","OGLESBY","IL","USA","613489692",,,,,,"False","A8A88FA0146483F6D1560CC3C1214D02",,"True",,,,,,,,,,,,
"0012400001DNuUlAAL","0012400001DNuUlAAL","AUSTIN COMMUNITY COLLEGE CENTRAL RECEIVING","9101 TUSCANY WAY   AUSTIN           TX 78754","AUSTIN","TX","USA","787544700","tlmicorp.com",,,,,"False","A8A88FA0146483F6D1560CC3C1214D02",,"True",,,,,,,,,,,,
"0012400001DORV2AAP","0012400001DORV2AAP","WABASH COLLEGE","402 JENNISON STREET   CRAWFORDSVILLE   IN 47933","CRAWFORDSVILLE","IN","USA","47933","usi.edu",,,,,"False","A8A88FA0146483F6D1560CC3C1214D02",,"True",,,,,,,,,,,,
"0012400001DNvXJAA1","0012400001DNvXJAA1","CENTRAL PIEDMONT         COMMUNITY COLLEGE","1325 E 7TH ST   CHARLOTTE        NC 28204","CHARLOTTE","NC","USA","282042019","cpcc.edu",,,,,"False","A8A88FA0146483F6D1560CC3C1214D02",,"True",,,,,,,,,,,,
"0012400001DNJOgAAP","0012400001DNJOgAAP","THE ACADEMY OF NATURAL   SCIENCES","1900 BEN FRANKLIN PKWY   PHILADELPHIA     PA 19103","PHILADELPHIA","PA","USA","191031195","drexel.edu",,,,,"False","A8A88FA0146483F6D1560CC3C1214D02",,"True",,,,,,,,,,,,
"0012400001DNr8OAAT","0012400001DNr8OAAT","SOUTHEASTERN COMM COLLEGE","4564 CHADBOURN HWY   WHITEVILLE       NC 28472","WHITEVILLE","NC","USA","284725423","sccnc.edu",,,,,"False","A8A88FA0146483F6D1560CC3C1214D02",,"True",,,,,,,,,,,,
"0012400001DNT5cAAH","0012400001DNT5cAAH","BOWIE STATE UNIVERSITY   CENTRAL RECEIVING","14000 JERICHO PARK RD   BOWIE            MD 20715","BOWIE","MD","USA","207153319","yahoo.com",,,,,"False","A8A88FA0146483F6D1560CC3C1214D02",,"True",,,,,,,,,,,,
"0012400001DNVluAAH","0012400001DNVluAAH","STATE OF GEORGIA         CLAYTON STATE UNIVERSITY","2000 CLAYTON STATE BLVD FACILITIES MANAGEMENT  MORROW           GA 30260","MORROW","GA","USA","302601250","gmail.com",,,,,"False","A8A88FA0146483F6D1560CC3C1214D02",,"True",,,,,,,,,,,,
"0012400001DOLvUAAX","0012400001DOLvUAAX","BELOIT COLLEGE","700 COLLEGE ST   BELOIT           WI 53511","BELOIT","WI","USA","535115595",,,,,,"False","A8A88FA0146483F6D1560CC3C1214D02",,"True",,,,,,,,,,,,
"0012400001DOM4EAAX","0012400001DOM4EAAX","MCNEESE STATE UNIVERSITY WAREHOUSE","4406 COMMON ST   LAKE CHARLES     LA 70605","LAKE CHARLES","LA","USA","70605","mcneese.edu",,,,,"False","A8A88FA0146483F6D1560CC3C1214D02",,"True",,,,,,,,,,,,
"0012400001DNLkLAAX","0012400001DNLkLAAX","BOSSIER PARRISH          COMMUNITY COLLEGE","6220 E TEXAS ST   BOSSIER CITY     LA 71111","BOSSIER CITY","LA","USA","711116922","bpcc.edu",,,,,"False","A8A88FA0146483F6D1560CC3C1214D02",,"True",,,,,,,,,,,,
"0012400001DNiIEAA1","0012400001DNiIEAA1","EMERSON RESOURCES INC","600 MARKLEY ST   NORRISTOWN       PA 19401","NORRISTOWN","PA","USA","194013704","emersonresources.com",,,,,"False","A8A88FA0146483F6D1560CC3C1214D02",,"True",,,,,,,,,,,,
"0012400001DNhh3AAD","0012400001DNhh3AAD","SAMPSON TECHNICAL COLLEGE","1801 SUNSET AVE   CLINTON          NC 28328","CLINTON","NC","USA","283283139",,,,,,"False","A8A88FA0146483F6D1560CC3C1214D02",,"True",,,,,,,,,,,,
"0012400001DNWz3AAH","0012400001DNWz3AAH","METROPOLITAN STATE UNIV  OF DENVER","1201 5TH ST   DENVER           CO 80204","DENVER","CO","USA","802042005","msudenver.edu",,,,,"False","A8A88FA0146483F6D1560CC3C1214D02",,"True",,,,,,,,,,,,
"0012400001DNMv2AAH","0012400001DNMv2AAH","GEORGIA COLLEGE & STATE  UNIVERSITY","320 N WAYNE ST   MILLEDGEVILLE    GA 31061","MILLEDGEVILLE","GA","USA","310612857","thermofisher.com",,,,,"False","A8A88FA0146483F6D1560CC3C1214D02",,"True",,,,,,,,,,,,
"0012400001DNZwDAAX","0012400001DNZwDAAX","VICTOR VALLEY COMMUNITY  COLLEGE DIST 12","18422 BEAR VALLEY RD   VICTORVILLE      CA 92395","VICTORVILLE","CA","USA","923955849",,,,,,"False","A8A88FA0146483F6D1560CC3C1214D02",,"True",,,,,,,,,,,,
"0012400001DNn5nAAD","0012400001DNn5nAAD","EDINBORO UNIVERSITY OF PAEARLLEY HALL  RECEIVING","SCOTLAND ROAD   EDINBORO         PA 16444","EDINBORO","PA","USA","164440001","edinboro.edu",,,,,"False","A8A88FA0146483F6D1560CC3C1214D02",,"True",,,,,,,,,,,,
"0012400001DODJ4AAP","0012400001DODJ4AAP","CATERPILLAR INC 41-06    TECH CENTER BLDG E","14009 OLD GALENA ROAD C/O BLDG K RECEIVING DOCK  MOSSVILLE        IL 61552","MOSSVILLE","IL","USA","61552","cat.com",,,,,"False","A8A88FA0146483F6D1560CC3C1214D02",,"True",,,,,,,,,,,,
"0012400001DNPiIAAX","0012400001DNPiIAAX","UNIVERSITY OF HEALTH     SCIENCES","1750 INDEPENDENCE AVE   KANSAS CITY      MO 64106","KANSAS CITY","MO","USA","641061453","kcumb.edu",,,,,"False","A8A88FA0146483F6D1560CC3C1214D02",,"True",,,,,,,,,,,,
"0012400001DNvMIAA1","0012400001DNvMIAA1","BROOKDALE COMM COLLEGE","765 NEWMAN SPRINGS RD   LINCROFT         NJ 07738","LINCROFT","NJ","USA","077381599","brookdalecc.edu",,,,,"False","A8A88FA0146483F6D1560CC3C1214D02",,"True",,,,,,,,,,,,
"0012400001DOHKzAAP","0012400001DOHKzAAP","COLLEGE OF SAN MATEO","1700 W HILLSDALE BLVD BLDG 36-304  SAN MATEO        CA 94402","SAN MATEO","CA","USA","944023784","smccd.edu",,,,,"False","A8A88FA0146483F6D1560CC3C1214D02",,"True",,,,,,,,,,,,
"0012400001DNsA9AAL","0012400001DNsA9AAL","US DOE NETL              CHEMICAL HANDLING FACILTY","626 COCHRANS MILL RD BLDG 91  PITTSBURGH       PA 15236","PITTSBURGH","PA","USA","152363611","or.netl.doe.gov",,,,,"False","A8A88FA0146483F6D1560CC3C1214D02",,"True",,,,,,,,,,,,
"0012400001DODoaAAH","0012400001DODoaAAH","ELGIN COMMUNITY COLLEGE","1700 SPARTAN DR   ELGIN            IL 60123","ELGIN","IL","USA","601237193",,,,,,"False","A8A88FA0146483F6D1560CC3C1214D02",,"True",,,,,,,,,,,,
"0012400001DNzPvAAL","0012400001DNzPvAAL","HAROLD WASHINGTON COLLEGE","30 E LAKE ST   CHICAGO          IL 60601","CHICAGO","IL","USA","606012449","ccc.edu",,,,,"False","A8A88FA0146483F6D1560CC3C1214D02",,"True",,,,,,,,,,,,
"0012400001DNqM3AAL","0012400001DNqM3AAL","FRANCISCAN UNIV          OF STEUBENVILLE","1235 UNIVERSITY BLVD   STEUBENVILLE     OH 43952","STEUBENVILLE","OH","USA","439521796","gwia.franciscan.edu",,,,,"False","A8A88FA0146483F6D1560CC3C1214D02",,"True",,,,,,,,,,,,
"0012400001DOFmpAAH","0012400001DOFmpAAH","MIDWESTERN UNIVERSITY    BIOLOGY DEPT","3410 TAFT BLVD   WICHITA FALLS    TX 76308","WICHITA FALLS","TX","USA","763082036","mwsu.edu",,,,,"False","A8A88FA0146483F6D1560CC3C1214D02",,"True",,,,,,,,,,,,
"0012400001DOPjYAAX","0012400001DOPjYAAX","NASA GODDARD SPACE       FLIGHT CENTER","FILL IN STREET FILL IN BLDG AND RM  GREENBELT        MD 20771","GREENBELT","MD","USA","207710001","nasa.gov",,,,,"False","A8A88FA0146483F6D1560CC3C1214D02",,"True",,,,,,,,,,,,
"0012400001DO7M5AAL","0012400001DO7M5AAL","QUEENSBOROUGH COMM COLL  CENTRAL REC/ADMIN BLDG","22205 56TH AVE   BAYSIDE          NY 11364","BAYSIDE","NY","USA","113641497","qcc.cuny.edu",,,,,"False","A8A88FA0146483F6D1560CC3C1214D02",,"True",,,,,,,,,,,,
"0012400001DNRLtAAP","0012400001DNRLtAAP","NASA-GLENN RESEARCH CTR","21000 BROOKPARK RD   CLEVELAND        OH 44135","CLEVELAND","OH","USA","441353191","nasa.gov",,,,,"False","A8A88FA0146483F6D1560CC3C1214D02",,"True",,,,,,,,,,,,
"0012400001DO5nAAAT","0012400001DO5nAAAT","HUSSON UNIVERSITY","1 COLLEGE CIR   BANGOR           ME 04401","BANGOR","ME","USA","044012999","my.husson.edu",,,,,"False","A8A88FA0146483F6D1560CC3C1214D02",,"True",,,,,,,,,,,,
"0012400001DNOvVAAX","0012400001DNOvVAAX","NW STATE COMM COLLEGE","22600 STATE ROUTE 34   ARCHBOLD         OH 43502","ARCHBOLD","OH","USA","435029517","northweststate.edu",,,,,"False","A8A88FA0146483F6D1560CC3C1214D02",,"True",,,,,,,,,,,,
"0012400001DNO9MAAX","0012400001DNO9MAAX","LIBERTY UNIVERSITY       DEPT OF BIOL/CHEM","1971 UNIVERSITY BLVD   LYNCHBURG        VA 24515","LYNCHBURG","VA","USA","24515","liberty.edu",,,,,"False","A8A88FA0146483F6D1560CC3C1214D02",,"True",,,,,,,,,,,,
"0012400001DOCsLAAX","0012400001DOCsLAAX","JABIL","5238 LAMAR AVE DOCK DOOR 48/MIDAS RECEIV  MEMPHIS          TN 38118","MEMPHIS","TN","USA","38118",,,,,,"False","A8A88FA0146483F6D1560CC3C1214D02",,"True",,,,,,,,,,,,
"0012400001DNyKtAAL","0012400001DNyKtAAL","TARLETON STATE UNIVERSITY","201 N SAINT FELIX ST   STEPHENVILLE     TX 76401","STEPHENVILLE","TX","USA","76401","tarleton.edu",,,,,"False","A8A88FA0146483F6D1560CC3C1214D02",,"True",,,,,,,,,,,,
"0012400001DNe6rAAD","0012400001DNe6rAAD","U.S. GEOLOGICAL SURVEY   NATIONAL WETLANDS","700 CAJUNDOME BLVD RESEARCH CENTER  LAFAYETTE        LA 70506","LAFAYETTE","LA","USA","705063152","usgs.gov",,,,,"False","A8A88FA0146483F6D1560CC3C1214D02",,"True",,,,,,,,,,,,
"0012400001DO7ZLAA1","0012400001DO7ZLAA1","STATE OF OKLAHOMA        SOUTHWESTERN OKLA ST UNIV","100 CAMPUS DR   WEATHERFORD      OK 73096","WEATHERFORD","OK","USA","730963001","swosu.edu",,,,,"False","A8A88FA0146483F6D1560CC3C1214D02",,"True",,,,,,,,,,,,
"0012400001DNPPjAAP","0012400001DNPPjAAP","POLK STATE COLLEGE       CENTRAL RECEIVING","999 AVENUE H NE   WINTER HAVEN     FL 33881","WINTER HAVEN","FL","USA","338814256",,,,,,"False","A8A88FA0146483F6D1560CC3C1214D02",,"True",,,,,,,,,,,,
"0012400001DNrwwAAD","0012400001DNrwwAAD","BECHTEL MARINE PROPULSIONCORPORATION","BLVD 814 PITTSBURGH/MCKEESPORT  WEST MIFFLIN     PA 15122","WEST MIFFLIN","PA","USA","151220079","unnpp.gov",,,,,"False","A8A88FA0146483F6D1560CC3C1214D02",,"True",,,,,,,,,,,,
"0012400001DOCqDAAX","0012400001DOCqDAAX","VAUGHN COLLEGE","86-01 23RD AVE   FLUSHING         NY 11369","FLUSHING","NY","USA","11369",,,,,,"False","A8A88FA0146483F6D1560CC3C1214D02",,"True",,,,,,,,,,,,
"0012400001DO81tAAD","0012400001DO81tAAD","PRESBYTERIAN COLLEGE     ATTN  FILL IN","STREET NAME MUST FILL IN BLDG  FILL IN  RM FILL IN  CLINTON          SC 29325","CLINTON","SC","USA","293252998","presby.edu",,,,,"False","A8A88FA0146483F6D1560CC3C1214D02",,"True",,,,,,,,,,,,
"0012400001DODETAA5","0012400001DODETAA5","STATE OF CALIFORNIA      CSU STANISLAUS","1 UNIVERSITY CIR   TURLOCK          CA 95382","TURLOCK","CA","USA","953823200","esrp.csustan.edu",,,,,"False","A8A88FA0146483F6D1560CC3C1214D02",,"True",,,,,,,,,,,,
"0012400001DNNvHAAX","0012400001DNNvHAAX","MOREHEAD STATE UNIVERSITY","150 UNIVERSITY BLVD   MOREHEAD         KY 40351","MOREHEAD","KY","USA","403511689","moreheadstate.edu",,,,,"False","A8A88FA0146483F6D1560CC3C1214D02",,"True",,,,,,,,,,,,
"0012400001DNn5fAAD","0012400001DNn5fAAD","ALBANY INTERNATIONAL     TECHNIWEAVE INC","112 AIRPORT DR   ROCHESTER        NH 03867","ROCHESTER","NH","USA","038671705",,,,,,"False","A8A88FA0146483F6D1560CC3C1214D02",,"True",,,,,,,,,,,,
"0012400001DNr92AAD","0012400001DNr92AAD","NEW JERSEY CITY UNIV","2039 JOHN F KENNEDY BLVD   JERSEY CITY      NJ 07305","JERSEY CITY","NJ","USA","073051527",,,,,,"False","A8A88FA0146483F6D1560CC3C1214D02",,"True",,,,,,,,,,,,
"0012400001DNKtAAAX","0012400001DNKtAAAX","ASHEVILLE BUNCOMBE       TECHNICAL COMM COLLEGE","340 VICTORIA RD   ASHEVILLE        NC 28801","ASHEVILLE","NC","USA","288014897","ncbionetwork.org",,,,,"False","A8A88FA0146483F6D1560CC3C1214D02",,"True",,,,,,,,,,,,
"0012400001DNRHCAA5","0012400001DNRHCAA5","WYTHEVILLE COMM COLLEGE","1000 E MAIN ST   WYTHEVILLE       VA 24382","WYTHEVILLE","VA","USA","243823308",,,,,,"False","A8A88FA0146483F6D1560CC3C1214D02",,"True",,,,,,,,,,,,
"0012400001DNN0CAAX","0012400001DNN0CAAX","GONZAGA UNIVERSITY","502 E BOONE AVE   SPOKANE          WA 99258","SPOKANE","WA","USA","992580001","gonzaga.edu",,,,,"False","A8A88FA0146483F6D1560CC3C1214D02",,"True",,,,,,,,,,,,
"0012400001DNebbAAD","0012400001DNebbAAD","BALL CORPORATION","9343 W 108TH CIR   BROOMFIELD       CO 80021","BROOMFIELD","CO","USA","800213682","ball.com",,,,,"False","A8A88FA0146483F6D1560CC3C1214D02",,"True",,,,,,,,,,,,
"0012400001DNvGLAA1","0012400001DNvGLAA1","BETHUNE-COOKMAN          UNIVERSITY","169 N LINCOLN STREET CENTRAL RECEIVING  DAYTONA BEACH    FL 32114","DAYTONA BEACH","FL","USA","32114","cookman.edu",,,,,"False","A8A88FA0146483F6D1560CC3C1214D02",,"True",,,,,,,,,,,,
"0012400001DNOkzAAH","0012400001DNOkzAAH","NEW MEXICO HIGHLANDS","1005 DIAMOND AVE BLDG&GROUND UNIVERSITY RECEIVING CENTER LAS VEGAS        NM 87701","LAS VEGAS","NM","USA","87701","nmhu.edu",,,,,"False","A8A88FA0146483F6D1560CC3C1214D02",,"True",,,,,,,,,,,,
"0012400001DOE36AAH","0012400001DOE36AAH","FOOTHILL DE ANZA         COMM COLLEGE DISTRICT","12345 S EL MONTE RD SHIPPING & RECEIVING DEPT  LOS ALTOS HILLS  CA 94022","LOS ALTOS HILLS","CA","USA","940224597","foothill.edu",,,,,"False","A8A88FA0146483F6D1560CC3C1214D02",,"True",,,,,,,,,,,,
"0012400001DNa4kAAD","0012400001DNa4kAAD","STATE OF WEST VIRGINIA","400 LEE STREET NORTH   LEWISBURG        WV 24901","LEWISBURG","WV","USA","249011128","wvsom.edu",,,,,"False","A8A88FA0146483F6D1560CC3C1214D02",,"True",,,,,,,,,,,,
"0012400001DNqOqAAL","0012400001DNqOqAAL","CARLISLE INTERCONNECT    TECHNOLOGIES","100 TENSOLITE DR   SAINT AUGUSTINE  FL 32092","SAINT AUGUSTINE","FL","USA","320920591","carlisleit.com",,,,,"False","A8A88FA0146483F6D1560CC3C1214D02",,"True",,,,,,,,,,,,
"0012400001DNXWRAA5","0012400001DNXWRAA5","ATHERSYS INC","3201 CARNEGIE AVE   CLEVELAND        OH 44115","CLEVELAND","OH","USA","441152634",,,,,,"False","A8A88FA0146483F6D1560CC3C1214D02",,"True",,,,,,,,,,,,
"0012400001DORkqAAH","0012400001DORkqAAH","US DEPT OF AGRICULTURE   AGRICULTURAL RESEARCH SVC","2700 FREDERICKSBURG RD   KERRVILLE        TX 78028","KERRVILLE","TX","USA","780289184","ars.usda.gov",,,,,"False","A8A88FA0146483F6D1560CC3C1214D02",,"True",,,,,,,,,,,,
"0012400001DO8e4AAD","0012400001DO8e4AAD","US DEPT OF AGRICULTURE   GRASSLAND RESEARCH LAB","808 E BLACKLAND RD   TEMPLE           TX 76502","TEMPLE","TX","USA","765026712","ars.usda.gov",,,,,"False","A8A88FA0146483F6D1560CC3C1214D02",,"True",,,,,,,,,,,,
"0012400001DO9lJAAT","0012400001DO9lJAAT","WESTERN PIEDMONT         COMMUNITY COLLEGE","1001 BURKEMONT AVE   MORGANTON        NC 28655","MORGANTON","NC","USA","286554511",,,,,,"False","A8A88FA0146483F6D1560CC3C1214D02",,"True",,,,,,,,,,,,
"0012400001DNru6AAD","0012400001DNru6AAD","WEST VALLEY MISSION      COMMUNITY COLLEGE","14000 FRUITVALE AVE DISTRICT -WAREHOUSE  SARATOGA         CA 95070","SARATOGA","CA","USA","95070","wvm.edu",,,,,"False","A8A88FA0146483F6D1560CC3C1214D02",,"True",,,,,,,,,,,,
"0012400001DO8UFAA1","0012400001DO8UFAA1","SAMFORD UNIVERSITY","800 LAKESHORE DR   BIRMINGHAM       AL 35229","BIRMINGHAM","AL","USA","352290002","samford.edu",,,,,"False","A8A88FA0146483F6D1560CC3C1214D02",,"True",,,,,,,,,,,,
"0012400001DOOxlAAH","0012400001DOOxlAAH","WESTFIELD STATE COLLEGE","577 WESTERN AVE   WESTFIELD        MA 01085","WESTFIELD","MA","USA","010852501","wsu.ma.edu",,,,,"False","A8A88FA0146483F6D1560CC3C1214D02",,"True",,,,,,,,,,,,
"0012400001DNNQ3AAP","0012400001DNNQ3AAP","CARY INSTITUTE OF        ECOSYSTEM STUDIES","2801 SHARON TPKE   MILLBROOK        NY 12545","MILLBROOK","NY","USA","125455721","ecostudies.org",,,,,"False","A8A88FA0146483F6D1560CC3C1214D02",,"True",,,,,,,,,,,,
"0012400001DOMldAAH","0012400001DOMldAAH","US DEPT OF AGRICULTURE   AGRICULTURAL RESEARCH","1636 E ALISAL ST   SALINAS          CA 93905","SALINAS","CA","USA","939053018","gmail.com",,,,,"False","A8A88FA0146483F6D1560CC3C1214D02",,"True",,,,,,,,,,,,
"0012400001DNz5TAAT","0012400001DNz5TAAT","PRATT & WHITNEY ENGINE   SERVICES INC","1525 MIDWAY PARK RD   BRIDGEPORT       WV 26330","BRIDGEPORT","WV","USA","263309688","pwc.ca",,,,,"False","A8A88FA0146483F6D1560CC3C1214D02",,"True",,,,,,,,,,,,
"0012400001DNjUqAAL","0012400001DNjUqAAL","AEROSPACE TESTING        ALLIANCE","1476 N HAP ARNOLD DRIVE   ARNOLD AIR FORCE TN 37389","ARNOLD AIR FORCE","TN","USA","373891239",,,,,,"False","A8A88FA0146483F6D1560CC3C1214D02",,"True",,,,,,,,,,,,
"0012400001DO9gWAAT","0012400001DO9gWAAT","WAYNESBURG COLLEGE       MAINTENANCE BLDG","CORNER FIRST AVE & MORRIS STREET  WAYNESBURG       PA 15370","WAYNESBURG","PA","USA","15370",,,,,,"False","A8A88FA0146483F6D1560CC3C1214D02",,"True",,,,,,,,,,,,
"0012400001DOFxBAAX","0012400001DOFxBAAX","MOOG INC","SENECA & JAMISON RD PLANT 20  EAST AURORA      NY 14052","EAST AURORA","NY","USA","140520001","thermofisher.com",,,,,"False","A8A88FA0146483F6D1560CC3C1214D02",,"True",,,,,,,,,,,,
"0012400001DOFd0AAH","0012400001DOFd0AAH","FRANCIS MARION UNIVERSITYCENTRAL RECEIVING DEPT","4822 E PALMETTO ST   FLORENCE         SC 29506","FLORENCE","SC","USA","295064530","midwestern.edu",,,,,"False","A8A88FA0146483F6D1560CC3C1214D02",,"True",,,,,,,,,,,,
"0012400001DOIEUAA5","0012400001DOIEUAA5","STATE OF TENNESSEE       CHATTANOOGA STATE TECH","4501 AMNICOLA HWY COMMUNITY COLLEGE  CHATTANOOGA      TN 37406","CHATTANOOGA","TN","USA","37406","chattanoogastate.edu",,,,,"False","A8A88FA0146483F6D1560CC3C1214D02",,"True",,,,,,,,,,,,
"0012400001DNc5EAAT","0012400001DNc5EAAT","HILL COLLEGE","112 LAMAR DR   HILLSBORO        TX 76645","HILLSBORO","TX","USA","766452799",,,,,,"False","A8A88FA0146483F6D1560CC3C1214D02",,"True",,,,,,,,,,,,
"0012400001DNMnLAAX","0012400001DNMnLAAX","GANNON UNIVERSITY        CENTRAL RECEIVING","824 PEACH ST   ERIE             PA 16541","ERIE","PA","USA","165410003","pointpark.edu",,,,,"False","A8A88FA0146483F6D1560CC3C1214D02",,"True",,,,,,,,,,,,
"0012400001DOIEhAAP","0012400001DOIEhAAP","NASHVILLE ST COMMUNITY   COLLEGE","120 WHITE BRIDGE ROAD   NASHVILLE        TN 37209","NASHVILLE","TN","USA","372094515","nscc.edu",,,,,"False","A8A88FA0146483F6D1560CC3C1214D02",,"True",,,,,,,,,,,,
"0012400001DNOP3AAP","0012400001DNOP3AAP","MIDLAND COLLEGE","3600 N GARFIELD ST   MIDLAND          TX 79705","MIDLAND","TX","USA","797056397","thermofisher.com",,,,,"False","A8A88FA0146483F6D1560CC3C1214D02",,"True",,,,,,,,,,,,
"0012400001DNs4oAAD","0012400001DNs4oAAD","U S DEPT OF AGRICULTURE  AGRI RESEARCH SVC","1700 SW 23RD DR   GAINESVILLE      FL 32608","GAINESVILLE","FL","USA","326081069","ars.usda.gov",,,,,"False","A8A88FA0146483F6D1560CC3C1214D02",,"True",,,,,,,,,,,,
"0012400001DO3kbAAD","0012400001DO3kbAAD","CALICO LIFE SCIENCES LLC","1170 VETERANS BLVD   SOUTH SAN FRANCI CA 94080","SOUTH SAN FRANCI","CA","USA","940801985","thermofisher.com",,,,,"False","A8A88FA0146483F6D1560CC3C1214D02","DataSample","True",,,,,,,,,,,,
"0012400001DNUi0AAH","0012400001DNUi0AAH","STATE OF CALIFORNIA      DEPT OF JUSTICE","7425 MISSION BLVD RIVERSIDE LABORATORY  RIVERSIDE        CA 92509","RIVERSIDE","CA","USA","925092400","doj.ca.gov",,,,,"False","A8A88FA0146483F6D1560CC3C1214D02",,"True",,,,,,,,,,,,
"0012400001DNwokAAD","0012400001DNwokAAD","HIGH POINT UNIVERSITY","ONE UNIVERSITY PARKWAY   HIGH POINT       NC 27268","HIGH POINT","NC","USA","27268","thermofisher.com",,,,,"False","A8A88FA0146483F6D1560CC3C1214D02",,"True",,,,,,,,,,,,
"0012400001DO8MPAA1","0012400001DO8MPAA1","ROWAN-CABARRUS COMMUNITY COLLEGE","1333 JAKE ALEXANDER BLVD   SALISBURY        NC 28146","SALISBURY","NC","USA","28146","rccc.edu",,,,,"False","A8A88FA0146483F6D1560CC3C1214D02",,"True",,,,,,,,,,,,
"0012400001DNX9nAAH","0012400001DNX9nAAH","COMM OF MASS             BRISTOL COMMUNITY COLLEGE","777 ELSBREE ST   FALL RIVER       MA 02720","FALL RIVER","MA","USA","027207307","bristolcc.edu",,,,,"False","A8A88FA0146483F6D1560CC3C1214D02",,"True",,,,,,,,,,,,
"0012400001DNRjRAAX","0012400001DNRjRAAX","KVAERNER SONGER INC","2504 SMITH CREEK RD   WAYNESBURG       PA 15370","WAYNESBURG","PA","USA","153702334",,,,,,"False","A8A88FA0146483F6D1560CC3C1214D02",,"True",,,,,,,,,,,,
"0012400001DOD4BAAX","0012400001DOD4BAAX","ASHLAND UNIVERSITY       KETTERING SCIENCE CENTER","401 COLLEGE AVE   ASHLAND          OH 44805","ASHLAND","OH","USA","448053799","ashland.edu",,,,,"False","A8A88FA0146483F6D1560CC3C1214D02",,"True",,,,,,,,,,,,
"0012400001DNghPAAT","0012400001DNghPAAT","SAINT-GOBAIN CERAMICS     & PLASTICS INC","9 GODDARD RD   NORTHBOROUGH     MA 01532","NORTHBOROUGH","MA","USA","015321545","saint-gobain.com",,,,,"False","A8A88FA0146483F6D1560CC3C1214D02",,"True",,,,,,,,,,,,
"0012400001DOO4VAAX","0012400001DOO4VAAX","JOHNSTON COMMUNITY COLL","245 COLLEGE RD   SMITHFIELD       NC 27577","SMITHFIELD","NC","USA","27577",,,,,,"False","A8A88FA0146483F6D1560CC3C1214D02",,"True",,,,,,,,,,,,
"0012400001DO28YAAT","0012400001DO28YAAT","ALAMO COLLEGE DISTRICT","1400 W. VILLARET BLVD   SAN ANTONIO      TX 78224","SAN ANTONIO","TX","USA","78224",,,,,,"False","A8A88FA0146483F6D1560CC3C1214D02",,"True",,,,,,,,,,,,
"0012400001DNs5aAAD","0012400001DNs5aAAD","USDA US FOREST SERVICE   FOREST PRODUCTS LAB","1 GIFFORD PINCHOT DR   MADISON          WI 53726","MADISON","WI","USA","537262366",,,,,,"False","A8A88FA0146483F6D1560CC3C1214D02",,"True",,,,,,,,,,,,
"0012400001DNigWAAT","0012400001DNigWAAT","SALEM STATE COLLEGE      DR CHRISTINE MACTAYLOR","CHEMISTRY DEPT 352 LAFAYETTE ST  SALEM            MA 01970","SALEM","MA","USA","01970","salemstate.edu",,,,,"False","A8A88FA0146483F6D1560CC3C1214D02",,"True",,,,,,,,,,,,
"0012400001DNjViAAL","0012400001DNjViAAL","CLEVELAND BIOLABS INC","73 HIGH ST   BUFFALO          NY 14203","BUFFALO","NY","USA","142031149","thermofisher.com",,,,,"False","A8A88FA0146483F6D1560CC3C1214D02",,"True",,,,,,,,,,,,
"0012400001DNtoEAAT","0012400001DNtoEAAT","SIEMENS INDUSTRY INC","3333 OLD MILTON PKWY   ALPHARETTA       GA 30005","ALPHARETTA","GA","USA","300054499",,,,,,"False","A8A88FA0146483F6D1560CC3C1214D02",,"True",,,,,,,,,,,,
"0012400001DNSN9AAP","0012400001DNSN9AAP","AIKEN TECHNICAL COLLEGE","2276 JEFFERSON DAVIS HWY   GRANITEVILLE     SC 29829","GRANITEVILLE","SC","USA","298294045","atc.edu",,,,,"False","A8A88FA0146483F6D1560CC3C1214D02",,"True",,,,,,,,,,,,
"0012400001DNs2aAAD","0012400001DNs2aAAD","YORK COLLEGE","441 COUNTRY CLUB RD   YORK             PA 17403","YORK","PA","USA","174033651","ycp.edu",,,,,"False","A8A88FA0146483F6D1560CC3C1214D02",,"True",,,,,,,,,,,,
"0012400001DNpt1AAD","0012400001DNpt1AAD","BLOOMSBURG UNIVERSITY    COMMONWEALTH OF PA","400 E 2ND ST RECEIVING RM  BLOOMSBURG       PA 17815","BLOOMSBURG","PA","USA","178151301","bloomu.edu",,,,,"False","A8A88FA0146483F6D1560CC3C1214D02",,"True",,,,,,,,,,,,
"0012400001DNmgaAAD","0012400001DNmgaAAD","PACKAGING CORP OF AMERICACOUNCE MILL","6715 HIGHWAY 57   COUNCE           TN 38326","COUNCE","TN","USA","383263420","packagingcorp.com",,,,,"False","A8A88FA0146483F6D1560CC3C1214D02",,"True",,,,,,,,,,,,
"0012400001DNzP0AAL","0012400001DNzP0AAL","ROLLINS COLLEGE","1000 HOLT AVE-2743   WINTER PARK      FL 32789","WINTER PARK","FL","USA","327894409","rollins.edu",,,,,"False","A8A88FA0146483F6D1560CC3C1214D02",,"True",,,,,,,,,,,,
"0012400001DO6pIAAT","0012400001DO6pIAAT","MARYMOUNT COLLEGE        OF VIRGINIA","2807 N GLEBE RD   ARLINGTON        VA 22207","ARLINGTON","VA","USA","222074299","yahoo.com",,,,,"False","A8A88FA0146483F6D1560CC3C1214D02",,"True",,,,,,,,,,,,
"0012400001DOD4TAAX","0012400001DOD4TAAX","BLACK HAWK COLLEGE       BOARD OF EDUCATION","6600 34TH AVE   MOLINE           IL 61265","MOLINE","IL","USA","612655899","bhc.edu",,,,,"False","A8A88FA0146483F6D1560CC3C1214D02",,"True",,,,,,,,,,,,
"0012400001DNvg5AAD","0012400001DNvg5AAD","UNIV OF NORTHERN COLORADOWAREHOUSE","501 20TH ST   GREELEY          CO 80639","GREELEY","CO","USA","806396900","yahoo.com",,,,,"False","A8A88FA0146483F6D1560CC3C1214D02",,"True",,,,,,,,,,,,
"0012400001DNZC4AAP","0012400001DNZC4AAP","SIMMONS COLLEGE","300 FENWAY   BOSTON           MA 02115","BOSTON","MA","USA","021155898","simmons.edu",,,,,"False","A8A88FA0146483F6D1560CC3C1214D02",,"True",,,,,,,,,,,,
"0012400001DNKs5AAH","0012400001DNKs5AAH","SUBARU OF INDIANA        AUTOMOTIVE INC","5500 STATE ROAD 38 E DOCK N14  LAFAYETTE        IN 47905","LAFAYETTE","IN","USA","479059405",,,,,,"False","A8A88FA0146483F6D1560CC3C1214D02",,"True",,,,,,,,,,,,
"0012400001DNbOQAA1","0012400001DNbOQAA1","USDA ARS","2615 YELLOWSTONE DRIVE   MARSHFIELD       WI 54449","MARSHFIELD","WI","USA","54449","usgs.gov",,,,,"False","A8A88FA0146483F6D1560CC3C1214D02",,"True",,,,,,,,,,,,
"0012400001DNV6oAAH","0012400001DNV6oAAH","DAYTONA STATE COLLEGE    CENTRAL RECEIVING","1100 WILLIS AVE BLDG  700  DAYTONA BEACH    FL 32114","DAYTONA BEACH","FL","USA","321142817","fishersci.com",,,,,"False","A8A88FA0146483F6D1560CC3C1214D02",,"True",,,,,,,,,,,,
"0012400001DNnZgAAL","0012400001DNnZgAAL","STATE OF GEORGIA         DARTON COLLEGE","2400 GILLIONVILLE RD   ALBANY           GA 31707","ALBANY","GA","USA","317073023","darton.edu",,,,,"False","A8A88FA0146483F6D1560CC3C1214D02",,"True",,,,,,,,,,,,
"0012400001DOQkRAAX","0012400001DOQkRAAX","SLIPPERY ROCK UNIVERSITY CENTRAL RECEIVING","143 KEISTER RD   SLIPPERY ROCK    PA 16057","SLIPPERY ROCK","PA","USA","160571313","sru.edu",,,,,"False","A8A88FA0146483F6D1560CC3C1214D02",,"True",,,,,,,,,,,,
"0012400001DNPxdAAH","0012400001DNPxdAAH","HOVENSA LLC              C/O CROWLEY LOGISTICS","108 AVE 10205 NORTHWEST  MIAMI            FL 33178","MIAMI","FL","USA","33178","hovensa.com",,,,,"False","A8A88FA0146483F6D1560CC3C1214D02",,"True",,,,,,,,,,,,
"0012400001DNoDdAAL","0012400001DNoDdAAL","JACKSONVILLE UNIVERSITY  CENTRAL RECEIVING","2800 UNIVERSITY N BLVD   JACKSONVILLE     FL 32211","JACKSONVILLE","FL","USA","322113394","ju.edu",,,,,"False","A8A88FA0146483F6D1560CC3C1214D02",,"True",,,,,,,,,,,,
"0012400001DOKpaAAH","0012400001DOKpaAAH","ANDREWS UNIVERSITY/DEPT OCHEMISTRY & BIOCHEMISTRY","4270 ADMINISTRATION DRIVE HALENZ HALL RM A 225  BERRIEN SPRINGS  MI 49104","BERRIEN SPRINGS","MI","USA","491040430","andrews.edu",,,,,"False","A8A88FA0146483F6D1560CC3C1214D02",,"True",,,,,,,,,,,,
"0012400001DNrYAAA1","0012400001DNrYAAA1","TEXAS A&M COMMERCE       FISHER/PROVISTA MR91000","2600 S NEAL ST CENTRAL RCVG  COMMERCE         TX 75429","COMMERCE","TX","USA","75429","tamuc.edu",,,,,"False","A8A88FA0146483F6D1560CC3C1214D02",,"True",,,,,,,,,,,,
"0012400001DNzS7AAL","0012400001DNzS7AAL","RENTON TECHNICAL COLLEGE","3000 NE 4TH ST   RENTON           WA 98056","RENTON","WA","USA","980564123","rtc.edu",,,,,"False","A8A88FA0146483F6D1560CC3C1214D02",,"True",,,,,,,,,,,,
"0012400001DNemMAAT","0012400001DNemMAAT","BALL AEROSPACE SYS DIV.  BOULDER INDUSTRIAL PARK","1600 COMMERCE ST   BOULDER          CO 80301","BOULDER","CO","USA","803012734","ball.com",,,,,"False","A8A88FA0146483F6D1560CC3C1214D02",,"True",,,,,,,,,,,,
"0012400001DO65DAAT","0012400001DO65DAAT","EASTERN GATEWAY COMMUNITYCOLLEGE","4000 SUNSET BLVD JEFFERSON COUNTY CAMPUS  STEUBENVILLE     OH 43952","STEUBENVILLE","OH","USA","439523598",,,,,,"False","A8A88FA0146483F6D1560CC3C1214D02",,"True",,,,,,,,,,,,
"0012400001DNo5PAAT","0012400001DNo5PAAT","UNIV OF THE VIRGIN ISLANDCHARLOTTE AMALIE","2 JOHN BREWERS BAY   ST THOMAS        VI 00802","ST THOMAS","VI","USA","008026004","uvi.edu",,,,,"False","A8A88FA0146483F6D1560CC3C1214D02",,"True",,,,,,,,,,,,
"0012400001DNglRAAT","0012400001DNglRAAT","STATE OF OKLAHOMA        NORTHWESTERN STATE UNIV","709 OKLAHOMA BLVD   ALVA             OK 73717","ALVA","OK","USA","737172749",,,,,,"False","A8A88FA0146483F6D1560CC3C1214D02",,"True",,,,,,,,,,,,
"0012400001DNN3BAAX","0012400001DNN3BAAX","OWENS BROCKWAY INC       OWENS ILLINOIS INC","RR 6 COUNTY HOUSE RD PLANT 35  AUBURN           NY 13021","AUBURN","NY","USA","13021",,,,,,"False","A8A88FA0146483F6D1560CC3C1214D02",,"True",,,,,,,,,,,,
"0012400001DNMPYAA5","0012400001DNMPYAA5","ECKERD COLLEGE","4200 54TH S AVE   SAINT PETERSBURG FL 33711","SAINT PETERSBURG","FL","USA","337114700","eckerd.edu",,,,,"False","A8A88FA0146483F6D1560CC3C1214D02",,"True",,,,,,,,,,,,
"0012400001DNjFBAA1","0012400001DNjFBAA1","US FDA                   DETROIT DISTRICT","300 RIVER PLACE DR STE 5900  DETROIT          MI 48207","DETROIT","MI","USA","482075057","fda.hhs.gov",,,,,"False","A8A88FA0146483F6D1560CC3C1214D02",,"True",,,,,,,,,,,,
"0012400001DO0uUAAT","0012400001DO0uUAAT","WITTENBERG UNIVERSITY    WAREHOUSE","225 N FOUNTAIN AVE   SPRINGFIELD      OH 45504","SPRINGFIELD","OH","USA","455042534","wittenberg.edu",,,,,"False","A8A88FA0146483F6D1560CC3C1214D02",,"True",,,,,,,,,,,,
"0012400001DNvkJAAT","0012400001DNvkJAAT","GRAND RAPIDS COMMUNITY   COLLEGE","143 BOSTWICK NE USE 197882-002  GRAND RAPIDS     MI 49503","GRAND RAPIDS","MI","USA","49503",,,,,,"False","A8A88FA0146483F6D1560CC3C1214D02",,"True",,,,,,,,,,,,
"0012400001DO9zKAAT","0012400001DO9zKAAT","US DEPT OF INTERIOR      US GEOLOGICAL SURVEY","6000 J ST PLACER HALL  SACRAMENTO       CA 95819","SACRAMENTO","CA","USA","958192605","usgs.gov",,,,,"False","A8A88FA0146483F6D1560CC3C1214D02",,"True",,,,,,,,,,,,
"0012400001DNfuzAAD","0012400001DNfuzAAD","LOUISIANA TECH UNIVERSITY","RECEIVING DEPOT   RUSTON           LA 71272","RUSTON","LA","USA","71272","latech.edu",,,,,"False","A8A88FA0146483F6D1560CC3C1214D02",,"True",,,,,,,,,,,,
"0012400001DNgDuAAL","0012400001DNgDuAAL","MINNESOTA STATE UNIV     MOORHEAD","1104 7TH AVE S   MOORHEAD         MN 56563","MOORHEAD","MN","USA","565630002","mnstate.edu",,,,,"False","A8A88FA0146483F6D1560CC3C1214D02",,"True",,,,,,,,,,,,
"0012400001DNnDoAAL","0012400001DNnDoAAL","URS CORPORATION","11600 STARK RD BLDNG 5222  STOCKTON         UT 84071","STOCKTON","UT","USA","84071",,,,,,"False","A8A88FA0146483F6D1560CC3C1214D02",,"True",,,,,,,,,,,,
"0012400001DNzW0AAL","0012400001DNzW0AAL","DLA NORFOLK NAVAL","BLDG. 276 BEATTY ST. SHIPYARD/ DOORWAY #5  PORTSMOUTH       VA 23709","PORTSMOUTH","VA","USA","237095000","navy.mil",,,,,"False","A8A88FA0146483F6D1560CC3C1214D02",,"True",,,,,,,,,,,,
"0012400001DNNTTAA5","0012400001DNNTTAA5","EDGEWELL PERSONAL CARE","75 COMMERCE DR   ALLENDALE        NJ 07401","ALLENDALE","NJ","USA","074011600","playtex.com",,,,,"False","A8A88FA0146483F6D1560CC3C1214D02",,"True",,,,,,,,,,,,
"0012400001DO0s6AAD","0012400001DO0s6AAD","WHEATON COLLEGE","26 E MAIN ST   NORTON           MA 02766","NORTON","MA","USA","027662322","wheatoncollege.edu",,,,,"False","A8A88FA0146483F6D1560CC3C1214D02",,"True",,,,,,,,,,,,
"0012400001DNn6SAAT","0012400001DNn6SAAT","FORMOSA PLASTICS         LAB SALES","301 FORMOSA DRIVE REC'G GATE 4-WAREHOUSE  POINT COMFORT    TX 77978","POINT COMFORT","TX","USA","77978","ftpc.fpcusa.com",,,,,"False","A8A88FA0146483F6D1560CC3C1214D02",,"True",,,,,,,,,,,,
"0012400001DOMeVAAX","0012400001DOMeVAAX","DOW CORNING CORP CENTER","2200 W SALZBURG RD   MIDLAND          MI 48686","MIDLAND","MI","USA","48686","dowcorning.com",,,,,"False","A8A88FA0146483F6D1560CC3C1214D02",,"True",,,,,,,,,,,,
"0012400001DNY5bAAH","0012400001DNY5bAAH","PEPSI BOTTLING GROUP","2945 S EAST AVE   FRESNO           CA 93725","FRESNO","CA","USA","937251910","pepsico.com",,,,,"False","A8A88FA0146483F6D1560CC3C1214D02",,"True",,,,,,,,,,,,
"0012400001DNss1AAD","0012400001DNss1AAD","G S A ADVANTAGE","INSERT ADDRESS HERE   NORFOLK          VA 23510","NORFOLK","VA","USA","23510","usgs.gov",,,,,"False","A8A88FA0146483F6D1560CC3C1214D02",,"True",,,,,,,,,,,,
"0012400001DOG1kAAH","0012400001DOG1kAAH","INTERTEK TESTING SERVICES","3933 US ROUTE 11   CORTLAND         NY 13045","CORTLAND","NY","USA","130459715","intertek.com",,,,,"False","A8A88FA0146483F6D1560CC3C1214D02",,"True",,,,,,,,,,,,
"0012400001DNrZEAA1","0012400001DNrZEAA1","LUMINANT GENERATION CO   MONTICELLO PLANT","9 MI SW OFF FM 127   MT PLEASANT      TX 75455","MT PLEASANT","TX","USA","75455","thermofisher.com",,,,,"False","A8A88FA0146483F6D1560CC3C1214D02",,"True",,,,,,,,,,,,
"0012400001DNyCLAA1","0012400001DNyCLAA1","MONSANTO COMPANY         MUSCATINE PLANT","2500 WIGGINS RD   MUSCATINE        IA 52761","MUSCATINE","IA","USA","527619108","thermofisher.com",,,,,"False","A8A88FA0146483F6D1560CC3C1214D02",,"True",,,,,,,,,,,,
"0012400001DODKnAAP","0012400001DODKnAAP","COLL OF SOUTHERN MD","8730 MITCHELL RD   LA PLATA         MD 20646","LA PLATA","MD","USA","206462867","csmd.edu",,,,,"False","A8A88FA0146483F6D1560CC3C1214D02",,"True",,,,,,,,,,,,
"0012400001DNf5mAAD","0012400001DNf5mAAD","STATE OF TEXAS           TEXAS A&M INTL UNIV","5201 UNIVERSITY BLVD   LAREDO           TX 78041","LAREDO","TX","USA","780411920","tamiu.edu",,,,,"False","A8A88FA0146483F6D1560CC3C1214D02",,"True",,,,,,,,,,,,
"0012400001DNyByAAL","0012400001DNyByAAL","MONMOUTH UNIVERSITY      CHEMISTRY DEPT","400 CEDAR AVE   WEST LONG BRANCH NJ 07764","WEST LONG BRANCH","NJ","USA","077641898","monmouth.edu",,,,,"False","A8A88FA0146483F6D1560CC3C1214D02",,"True",,,,,,,,,,,,
"0012400001DNmyOAAT","0012400001DNmyOAAT","DILLARD UNIVERSITY","2601 GENTILLY BLVD   NEW ORLEANS      LA 70122","NEW ORLEANS","LA","USA","701223097",,,,,,"False","A8A88FA0146483F6D1560CC3C1214D02",,"True",,,,,,,,,,,,
"0012400001DNxjFAAT","0012400001DNxjFAAT","LAKE LAND COLLEGE","5001 LAKE LAND BLVD   MATTOON          IL 61938","MATTOON","IL","USA","619389366","lakeland.cc.il.us",,,,,"False","A8A88FA0146483F6D1560CC3C1214D02",,"True",,,,,,,,,,,,
"0012400001DOPhSAAX","0012400001DOPhSAAX","PIKEVILLE COLLEGE","147 SYCAMORE ST   PIKEVILLE        KY 41501","PIKEVILLE","KY","USA","415019118","upike.edu",,,,,"False","A8A88FA0146483F6D1560CC3C1214D02",,"True",,,,,,,,,,,,
"0012400001DO6vLAAT","0012400001DO6vLAAT","MIRACOSTA COLLEGE        OCEANSIDE CAMPUS","1 BARNARD DR   OCEANSIDE        CA 92056","OCEANSIDE","CA","USA","920563899","miracosta.edu",,,,,"False","A8A88FA0146483F6D1560CC3C1214D02",,"True",,,,,,,,,,,,
"0012400001DOJZiAAP","0012400001DOJZiAAP","G S A ADVANTAGE","INSERT ADDRESS HERE   NORFOLK          VA 23511","NORFOLK","VA","USA","23511","wpafb.af.mil",,,,,"False","A8A88FA0146483F6D1560CC3C1214D02",,"True",,,,,,,,,,,,
"0012400001DOMDqAAP","0012400001DOMDqAAP","CAPE FEAR COMM COLLEGE","411 N FRONT ST   WILMINGTON       NC 28401","WILMINGTON","NC","USA","284013993","cfcc.edu",,,,,"False","A8A88FA0146483F6D1560CC3C1214D02",,"True",,,,,,,,,,,,
"0012400001DNzXSAA1","0012400001DNzXSAA1","SAINT XAVIER UNIVERSITY  BIOLOGY COORDINATOR","3700 W 103RD ST BIOLOGY ORDERS ONLY  CHICAGO          IL 60655","CHICAGO","IL","USA","606553199","sxu.edu",,,,,"False","A8A88FA0146483F6D1560CC3C1214D02",,"True",,,,,,,,,,,,
"0012400001DNwWEAA1","0012400001DNwWEAA1","STATE OF GEORGIA","SAVANNAH STATE UNIVERSITY CENTRAL RECEIVING WHS THOMPKINS ROAD SAVANNAH         GA 31404","SAVANNAH","GA","USA","31404","savannahstate.edu",,,,,"False","A8A88FA0146483F6D1560CC3C1214D02",,"True",,,,,,,,,,,,
"0012400001DNiw6AAD","0012400001DNiw6AAD","WEBSTER UNIVERSITY       BIOLOGICAL SCIENCES","40 N ROCK HILL RD   WEBSTER GROVES   MO 63119","WEBSTER GROVES","MO","USA","631192242","webster.edu",,,,,"False","A8A88FA0146483F6D1560CC3C1214D02",,"True",,,,,,,,,,,,
"0012400001DO0zCAAT","0012400001DO0zCAAT","US DEPT OF AGRICULTURE","3793 N 3600 E   KIMBERLY         ID 83341","KIMBERLY","ID","USA","833415076","ars.usda.gov",,,,,"False","A8A88FA0146483F6D1560CC3C1214D02",,"True",,,,,,,,,,,,
"0012400001DOGbUAAX","0012400001DOGbUAAX","COMMONWEALTH OF PA       DEPT OF TRANSPORTATION","82 DOGWOOD AVE BUR OF CONSTRUCTION & MAT  HARRISBURG       PA 17110","HARRISBURG","PA","USA","17110","pa.gov",,,,,"False","A8A88FA0146483F6D1560CC3C1214D02",,"True",,,,,,,,,,,,
"0012400001DNR7BAAX","0012400001DNR7BAAX","WASHINGTON AND JEFFERSON COLLEGE","60 S LINCOLN STREET   WASHINGTON       PA 15301","WASHINGTON","PA","USA","15301","washjeff.edu",,,,,"False","A8A88FA0146483F6D1560CC3C1214D02",,"True",,,,,,,,,,,,
"0012400001DNQoGAAX","0012400001DNQoGAAX","LAMAR UNIVERSITY","1050 E LAVACA ST   BEAUMONT         TX 77705","BEAUMONT","TX","USA","777054146","my.lamar.edu",,,,,"False","A8A88FA0146483F6D1560CC3C1214D02",,"True",,,,,,,,,,,,
"0012400001DNs2OAAT","0012400001DNs2OAAT","YELLOW SPRINGS           INSTRUMENT COMPANY INC","1725 BRANNUM LN   YELLOW SPRINGS   OH 45387","YELLOW SPRINGS","OH","USA","453871107","ysi.com",,,,,"False","A8A88FA0146483F6D1560CC3C1214D02",,"True",,,,,,,,,,,,
"0012400001DNj9GAAT","0012400001DNj9GAAT","U S DEPT OF AGRICULTURE  AGRICULTURAL RESEARCH SER","2955 HWY 130 E STUTTGART NAT'L RSCH CTR  STUTTGART        AR 72160","STUTTGART","AR","USA","721605629","ars.usda.gov",,,,,"False","A8A88FA0146483F6D1560CC3C1214D02",,"True",,,,,,,,,,,,
"0012400001DNM0WAAX","0012400001DNM0WAAX","USDA APHIS PDDML         MISSION LAB","22675 N MOOREFIELD ROAD MOORE AIR BASE BLDG 6414  EDINBURG         TX 78541","EDINBURG","TX","USA","78541","usda.gov",,,,,"False","A8A88FA0146483F6D1560CC3C1214D02",,"True",,,,,,,,,,,,
"0012400001DORkBAAX","0012400001DORkBAAX","USDA:APHIS:WS:NWRC","4101 LAPORTE AVE   FORT COLLINS     CO 80521","FORT COLLINS","CO","USA","805212154","usda.gov",,,,,"False","A8A88FA0146483F6D1560CC3C1214D02",,"True",,,,,,,,,,,,
"0012400001DNr9mAAD","0012400001DNr9mAAD","SOUTHWESTERN COLLEGE","100 COLLEGE ST   WINFIELD         KS 67156","WINFIELD","KS","USA","671562499","sckans.edu",,,,,"False","A8A88FA0146483F6D1560CC3C1214D02",,"True",,,,,,,,,,,,
"0012400001DNZjpAAH","0012400001DNZjpAAH","SAM HOUSTON STATE UNIV   BIOLOGY DEPT","1900 AVE I LEE DRAIN BLDG 300  HUNTSVILLE       TX 77340","HUNTSVILLE","TX","USA","77340","shsu.edu",,,,,"False","A8A88FA0146483F6D1560CC3C1214D02",,"True",,,,,,,,,,,,
"0012400001DOEZtAAP","0012400001DOEZtAAP","HONDA OF AMERICA         MFG INC","30 HUNTER PLACE MAP PLANT - HQD BUILDING  BELLEFONTAINE    OH 43311","BELLEFONTAINE","OH","USA","43311","ham.honda.com",,,,,"False","A8A88FA0146483F6D1560CC3C1214D02",,"True",,,,,,,,,,,,
"0012400001DOM4eAAH","0012400001DOM4eAAH","EASTERN FLORIDA STATE    COLLEGE","1519 CLEARLAKE RD   COCOA            FL 32922","COCOA","FL","USA","329226597","live.com",,,,,"False","A8A88FA0146483F6D1560CC3C1214D02",,"True",,,,,,,,,,,,
"0012400001DOLBSAA5","0012400001DOLBSAA5","AUSTIN COLLEGE           CENTRAL RECEIVING","900 N GRAND AVE   SHERMAN          TX 75090","SHERMAN","TX","USA","750904400","austincollege.edu",,,,,"False","A8A88FA0146483F6D1560CC3C1214D02",,"True",,,,,,,,,,,,
"0012400001DNa2eAAD","0012400001DNa2eAAD","HUNTINGTON INGALLS INC","INGALLS OPERATIONS WAREHOUSE 221  PASCAGOULA       MS 39567","PASCAGOULA","MS","USA","39567",,,,,,"False","A8A88FA0146483F6D1560CC3C1214D02",,"True",,,,,,,,,,,,
"0012400001DNnaHAAT","0012400001DNnaHAAT","GORDON COLLEGE           DIV MATH & NATURAL SCI","419 COLLEGE DR ALAN SCOUTEN  BARNESVILLE      GA 30204","BARNESVILLE","GA","USA","302041762","gordonstate.edu",,,,,"False","A8A88FA0146483F6D1560CC3C1214D02",,"True",,,,,,,,,,,,
"0012400001DO35TAAT","0012400001DO35TAAT","ANTELOPE VALLEY JOINT JR COLLEGE DISTRICT","3041 W AVENUE K   LANCASTER        CA 93536","LANCASTER","CA","USA","935365402",,,,,,"False","A8A88FA0146483F6D1560CC3C1214D02",,"True",,,,,,,,,,,,
"0012400001DOB1yAAH","0012400001DOB1yAAH","CENTRAL NEW MEXICO       COMMUNITY COLLEGE","901 BUENA VISTA SE SHIPPING & RECEIVING  ALBUQUERQUE      NM 87106","ALBUQUERQUE","NM","USA","87106","cnm.edu",,,,,"False","A8A88FA0146483F6D1560CC3C1214D02",,"True",,,,,,,,,,,,
"0012400001DNW7YAAX","0012400001DNW7YAAX","HUDSON COUNTY            COMMUNITY COLLEGE","168 SIP AVE   JERSEY CITY      NJ 07306","JERSEY CITY","NJ","USA","073063009",,,,,,"False","A8A88FA0146483F6D1560CC3C1214D02",,"True",,,,,,,,,,,,
"0012400001DODKGAA5","0012400001DODKGAA5","CENTRE COLLEGE","620 WEST WALNUT ST   DANVILLE         KY 40422","DANVILLE","KY","USA","404221309","centre.edu",,,,,"False","A8A88FA0146483F6D1560CC3C1214D02",,"True",,,,,,,,,,,,
"0012400001DOQJfAAP","0012400001DOQJfAAP","SAN ANTONIO              RIVER AUTHORITY","600 E EUCLID AVE   SAN ANTONIO      TX 78212","SAN ANTONIO","TX","USA","782124405",,,,,,"False","A8A88FA0146483F6D1560CC3C1214D02",,"True",,,,,,,,,,,,
"0012400001DNqnhAAD","0012400001DNqnhAAD","SENTRY INSURANCE","1800 NORTHPOINT DR   STEVENS POINT    WI 54481","STEVENS POINT","WI","USA","544811283",,,,,,"False","A8A88FA0146483F6D1560CC3C1214D02",,"True",,,,,,,,,,,,
"0012400001DNgEXAA1","0012400001DNgEXAA1","DELTA STATE UNIVERSITY   ATTN:","1417 MAPLE ST   CLEVELAND        MS 38733","CLEVELAND","MS","USA","387332415","deltastate.edu",,,,,"False","A8A88FA0146483F6D1560CC3C1214D02",,"True",,,,,,,,,,,,
"0012400001DNX6uAAH","0012400001DNX6uAAH","PUBLIC WORKS DEPT/UTILITICENTRAL LAB DIVISION","4751 66TH ST WEST   BRADENTON        FL 34210","BRADENTON","FL","USA","342102628","mymanatee.org",,,,,"False","A8A88FA0146483F6D1560CC3C1214D02",,"True",,,,,,,,,,,,
"0012400001DNpVfAAL","0012400001DNpVfAAL","CITY UNIV OF NEW YORK    LAGUARDIA COMM COLLEGE","3110 THOMSON AVE   LONG ISLAND CITY NY 11101","LONG ISLAND CITY","NY","USA","111013007","lagcc.cuny.edu",,,,,"False","A8A88FA0146483F6D1560CC3C1214D02",,"True",,,,,,,,,,,,
"0012400001DO6jLAAT","0012400001DO6jLAAT","COUNTY OF LOS ANGELES    SHERIFFS DEPT","1800 PASEO RANCHOCASTILLA   LOS ANGELES      CA 90032","LOS ANGELES","CA","USA","900322404","lasd.org",,,,,"False","A8A88FA0146483F6D1560CC3C1214D02",,"True",,,,,,,,,,,,
"0012400001DNgBWAA1","0012400001DNgBWAA1","MILLSAPS COLLEGE","1701 N STATE ST   JACKSON          MS 39210","JACKSON","MS","USA","392100001","millsaps.edu",,,,,"False","A8A88FA0146483F6D1560CC3C1214D02",,"True",,,,,,,,,,,,
"0012400001DNblhAAD","0012400001DNblhAAD","BROWARD COUNTY SHERIFF'S CRIME SCENE UNIT/LAB","201 SE 6TH ST NORTHWING ROOM 1799  FORT LAUDERDALE  FL 33301","FORT LAUDERDALE","FL","USA","33301","sheriff.org",,,,,"False","A8A88FA0146483F6D1560CC3C1214D02",,"True",,,,,,,,,,,,
"0012400001DNbN3AAL","0012400001DNbN3AAL","STATE OF ALABAMA         TROY UNIVERSITY","213 MCCALL HALL   TROY             AL 36082","TROY","AL","USA","36082","troy.edu",,,,,"False","A8A88FA0146483F6D1560CC3C1214D02",,"True",,,,,,,,,,,,
"0012400001DOGEDAA5","0012400001DOGEDAA5","STATE UNIV OF NEW YORK","2350 BROADHOLLOW RD   FARMINGDALE      NY 11735","FARMINGDALE","NY","USA","117351006","farmingdale.edu",,,,,"False","A8A88FA0146483F6D1560CC3C1214D02",,"True",,,,,,,,,,,,
"0012400001DOJ1gAAH","0012400001DOJ1gAAH","GWINNETT TECH COLLEGE","5150 SUGARLOAF PKWY   LAWRENCEVILLE    GA 30043","LAWRENCEVILLE","GA","USA","300435702","gwinnetttech.edu",,,,,"False","A8A88FA0146483F6D1560CC3C1214D02",,"True",,,,,,,,,,,,
"0012400001DO16KAAT","0012400001DO16KAAT","US DOI  FWS              LACROSSE FISH HEALTH CTR","555 LESTER AVE   ONALASKA         WI 54650","ONALASKA","WI","USA","546508552","fws.gov",,,,,"False","A8A88FA0146483F6D1560CC3C1214D02",,"True",,,,,,,,,,,,
"0012400001DNdakAAD","0012400001DNdakAAD","CALDWELL COMMUNITY COLLEGAND TECHNICAL INSTITUTE","2855 HICKORY BLVD   HUDSON           NC 28638","HUDSON","NC","USA","286382626","cccti.edu",,,,,"False","A8A88FA0146483F6D1560CC3C1214D02",,"True",,,,,,,,,,,,
"0012400001DNO2UAAX","0012400001DNO2UAAX","WM BOLTHOUSE FARMS INC","7200 E BRUNDAGE LN   BAKERSFIELD      CA 93307","BAKERSFIELD","CA","USA","933073099","thermofisher.com",,,,,"False","A8A88FA0146483F6D1560CC3C1214D02",,"True",,,,,,,,,,,,
"0012400001DNjU2AAL","0012400001DNjU2AAL","ELECTRIC BOAT DIVISION   GENERAL DYNAMICS","75 EASTERN POINT RD BLDG___RM____  GROTON           CT 06340","GROTON","CT","USA","063404989","gdeb.com",,,,,"False","A8A88FA0146483F6D1560CC3C1214D02",,"True",,,,,,,,,,,,
"0012400001DNW7xAAH","0012400001DNW7xAAH","U S NAVY                 PUGET SOUND NAVAL SHPYD","1400 FARRAGUT AVE BLDG 514  BREMERTON        WA 98314","BREMERTON","WA","USA","983146001","navy.mil",,,,,"False","A8A88FA0146483F6D1560CC3C1214D02",,"True",,,,,,,,,,,,
"0012400001DNdZLAA1","0012400001DNdZLAA1","BUTLER COUNTY COMMUNITY  COLLEGE","107 COLLEGE DR   BUTLER           PA 16002","BUTLER","PA","USA","16002",,,,,,"False","A8A88FA0146483F6D1560CC3C1214D02",,"True",,,,,,,,,,,,
"0012400001DNR0iAAH","0012400001DNR0iAAH","VASSAR COLLEGE           OLMSTEAD HALL","124 RAYMOND AVE BIOLOGY DEPARTMENT  POUGHKEEPSIE     NY 12604","POUGHKEEPSIE","NY","USA","126040002","vassar.edu",,,,,"False","A8A88FA0146483F6D1560CC3C1214D02",,"True",,,,,,,,,,,,
"0012400001DNVR9AAP","0012400001DNVR9AAP","THRESHOLD ENTERPRISES LTD","51 OLD EL PUEBLO ROAD   SCOTTS VALLEY    CA 95066","SCOTTS VALLEY","CA","USA","95066","thresholdent.com",,,,,"False","A8A88FA0146483F6D1560CC3C1214D02",,"True",,,,,,,,,,,,
"0012400001DNZkQAAX","0012400001DNZkQAAX","UNIVERSITY OF TEXAS      PERMIAN BASIN","4901 E UNIVERSITY BLVD CENTRAL RECEIVING  ODESSA           TX 79762","ODESSA","TX","USA","797628122","utpb.edu",,,,,"False","A8A88FA0146483F6D1560CC3C1214D02",,"True",,,,,,,,,,,,
"0012400001DOLzIAAX","0012400001DOLzIAAX","BERRY COLLEGE            SCIENCE BLDG","2277 MARTHA BERRY HWY NW RM 212A  MOUNT BERRY      GA 30149","MOUNT BERRY","GA","USA","30149","berry.edu",,,,,"False","A8A88FA0146483F6D1560CC3C1214D02",,"True",,,,,,,,,,,,
"0012400001DNRchAAH","0012400001DNRchAAH","CLEVELAND COMM COLLEGE   ATTN PURASHING AGENT","137 S POST RD   SHELBY           NC 28152","SHELBY","NC","USA","281526296",,,,,,"False","A8A88FA0146483F6D1560CC3C1214D02",,"True",,,,,,,,,,,,
"0012400001DNePLAA1","0012400001DNePLAA1","DUKE ENERGY FLORIDA      NUCLEAR POWER PLANT","15760 W POWER LINE ST STOREROOM 293 UNIT 3  CRYSTAL RIVER    FL 34428","CRYSTAL RIVER","FL","USA","344286708","duke-energy.com",,,,,"False","A8A88FA0146483F6D1560CC3C1214D02",,"True",,,,,,,,,,,,
"0012400001DO6g4AAD","0012400001DO6g4AAD","LEWIS & CLARK COLLEGE","0615 SW PALATINE HILL RD   PORTLAND         OR 97219","PORTLAND","OR","USA","972197879","thermofisher.com",,,,,"False","A8A88FA0146483F6D1560CC3C1214D02",,"True",,,,,,,,,,,,
"0012400001DNOXYAA5","0012400001DNOXYAA5","MONELL CHEMICAL SENSES   CENTER","3500 MARKET ST   PHILADELPHIA     PA 19104","PHILADELPHIA","PA","USA","19104","monell.org1",,,,,"False","A8A88FA0146483F6D1560CC3C1214D02",,"True",,,,,,,,,,,,
"0012400001DNlfDAAT","0012400001DNlfDAAT","BALTIMORE CITY           COMMUNITY COLLEGE","2901 LIBERTY HEIGHTS AVE   BALTIMORE        MD 21215","BALTIMORE","MD","USA","212157807","bccc.edu",,,,,"False","A8A88FA0146483F6D1560CC3C1214D02",,"True",,,,,,,,,,,,
"0012400001DODt2AAH","0012400001DODt2AAH","EVEREADY BATTERY CO INC","1359 COLUMBIA RD   WESTLAKE         OH 44145","WESTLAKE","OH","USA","441452414","energizer.com",,,,,"False","A8A88FA0146483F6D1560CC3C1214D02",,"True",,,,,,,,,,,,
"0012400001DNs2NAAT","0012400001DNs2NAAT","YAVAPAI COMMUNITY COLLEGE","1100 E SHELDON CENTRAL RECEIVING BLDG. 7  PRESCOTT         AZ 86301","PRESCOTT","AZ","USA","86301","yc.edu",,,,,"False","A8A88FA0146483F6D1560CC3C1214D02",,"True",,,,,,,,,,,,
"0012400001DNiBZAA1","0012400001DNiBZAA1","SONOCO PRODUCTS CO","NORTH SECOND STREET SHP UPS\ESTES FRT ONLY\\  HARTSVILLE       SC 29551","HARTSVILLE","SC","USA","29551","thermofisher.com",,,,,"False","A8A88FA0146483F6D1560CC3C1214D02",,"True",,,,,,,,,,,,
"0012400001DNWwxAAH","0012400001DNWwxAAH","COLLEGE OF LAKE COUNTY   SOUTHLAKE EDUCATIONAL CNT","1120 S MILWAUKEE AVE ROOM V240  VERNON HILLS     IL 60061","VERNON HILLS","IL","USA","60061",,,,,,"False","A8A88FA0146483F6D1560CC3C1214D02",,"True",,,,,,,,,,,,
"0012400001DNWm7AAH","0012400001DNWm7AAH","NUCOR STEEL","1455 OLD HAGAN AVE   HUGER            SC 29450","HUGER","SC","USA","294509382",,,,,,"False","A8A88FA0146483F6D1560CC3C1214D02",,"True",,,,,,,,,,,,
"0012400001DNYyKAAX","0012400001DNYyKAAX","SETON HALL UNIVERSITY","400 S ORANGE AVE   SOUTH ORANGE     NJ 07079","SOUTH ORANGE","NJ","USA","070792697","shu.edu",,,,,"False","A8A88FA0146483F6D1560CC3C1214D02",,"True",,,,,,,,,,,,
"0012400001DNxo3AAD","0012400001DNxo3AAD","LMU                      RECEIVING CLERK","261 HIGHWAY 58   CUMBERLAND GAP   TN 37724","CUMBERLAND GAP","TN","USA","37724","lmunet.edu",,,,,"False","A8A88FA0146483F6D1560CC3C1214D02",,"True",,,,,,,,,,,,
"0012400001DNezlAAD","0012400001DNezlAAD","HOUSTON BAPTIST UNIV.    BOOKSTORE","7502 FONDREN RD   HOUSTON          TX 77074","HOUSTON","TX","USA","770743298",,,,,,"False","A8A88FA0146483F6D1560CC3C1214D02",,"True",,,,,,,,,,,,
"0012400001DO6fEAAT","0012400001DO6fEAAT","LENOIR COMMUNITY COLLEGE","231 NC HIGHWAY 58 S   KINSTON          NC 28504","KINSTON","NC","USA","285046836",,,,,,"False","A8A88FA0146483F6D1560CC3C1214D02",,"True",,,,,,,,,,,,
"0012400001DOD4jAAH","0012400001DOD4jAAH","ELIZABETH CITY ST UNIV   CENTRAL RECEIVING","1704 WEEKSVILLE RD   ELIZABETH CITY   NC 27909","ELIZABETH CITY","NC","USA","279099913","mail.ecsu.edu",,,,,"False","A8A88FA0146483F6D1560CC3C1214D02",,"True",,,,,,,,,,,,
"0012400001DNdPkAAL","0012400001DNdPkAAL","BIGELOW LAB FOR OCEAN SCI","60 BIGELOW DRIVE   EAST BOOTHBAY    ME 04544","EAST BOOTHBAY","ME","USA","04544","mlml.calstate.edu",,,,,"False","A8A88FA0146483F6D1560CC3C1214D02",,"True",,,,,,,,,,,,
"0012400001DO4goAAD","0012400001DO4goAAD","CRAVEN COMMUNITY COLLEGE RECEIVING DEPT","800 COLLEGE CT   NEW BERN         NC 28562","NEW BERN","NC","USA","285624984",,,,,,"False","A8A88FA0146483F6D1560CC3C1214D02",,"True",,,,,,,,,,,,
"0012400001DOODPAA5","0012400001DOODPAA5","WESTAR ENERGY INC        BEVERLY GOLDER","4001 NW 14TH ST SOUTH DOCK  TOPEKA           KS 66618","TOPEKA","KS","USA","666182829",,,,,,"False","A8A88FA0146483F6D1560CC3C1214D02",,"True",,,,,,,,,,,,
"0012400001DORSEAA5","0012400001DORSEAA5","VINCENNES UNIVERSITY     ATTN:","1002 N 1ST ST   VINCENNES        IN 47591","VINCENNES","IN","USA","475911504","vinu.edu",,,,,"False","A8A88FA0146483F6D1560CC3C1214D02",,"True",,,,,,,,,,,,
"0012400001DNMxWAAX","0012400001DNMxWAAX","HEXCEL CORP","11711 DUBLIN BLVD   DUBLIN           CA 94568","DUBLIN","CA","USA","945682898","hexcel.com",,,,,"False","A8A88FA0146483F6D1560CC3C1214D02",,"True",,,,,,,,,,,,
"0012400001DOMQ3AAP","0012400001DOMQ3AAP","BOARD OF POLICE COMMISNRSREGIONAL CRIME LABORATORY","2645 BROOKLYN AVE   KANSAS CITY      MO 64127","KANSAS CITY","MO","USA","64127","kcpd.org",,,,,"False","A8A88FA0146483F6D1560CC3C1214D02",,"True",,,,,,,,,,,,
"0012400001DO5AnAAL","0012400001DO5AnAAL","STATE OF FLORIDA         DEPT OF LAW ENFORCEMENT","1301 N PALAFOX ST PENSACOLA CRIME LAB  PENSACOLA        FL 32501","PENSACOLA","FL","USA","325012640","fdle.state.fl.us",,,,,"False","A8A88FA0146483F6D1560CC3C1214D02",,"True",,,,,,,,,,,,
"0012400001DNLh4AAH","0012400001DNLh4AAH","NORTHEASTERN STATE UNIV  SHIPPING AND RECEIVING","148 EAST SHORT ST DEPARTMENT/ DOCK 1ST  TAHLEQUAH        OK 74464","TAHLEQUAH","OK","USA","74464","nsuok.edu",,,,,"False","A8A88FA0146483F6D1560CC3C1214D02",,"True",,,,,,,,,,,,
"0012400001DNeYKAA1","0012400001DNeYKAA1","GASTON COLLEGE           CENTRAL RECEIVING","201 HIGHWAY 321 S   DALLAS           NC 28034","DALLAS","NC","USA","280341499","gaston.edu",,,,,"False","A8A88FA0146483F6D1560CC3C1214D02",,"True",,,,,,,,,,,,
"0012400001DNpXHAA1","0012400001DNpXHAA1","STATE OF NEW YORK        COLLEGE AT PLATTSBURGH","101 BROAD ST   PLATTSBURGH      NY 12901","PLATTSBURGH","NY","USA","129012637","plattsburgh.edu",,,,,"False","A8A88FA0146483F6D1560CC3C1214D02",,"True",,,,,,,,,,,,
"0012400001DOFW0AAP","0012400001DOFW0AAP","LINCOLN ELECTRIC","22801 SAINT CLAIR AVE   CLEVELAND        OH 44117","CLEVELAND","OH","USA","441171199","linconelectric.com",,,,,"False","A8A88FA0146483F6D1560CC3C1214D02",,"True",,,,,,,,,,,,
"0012400001DNe8VAAT","0012400001DNe8VAAT","DYOUVILLE COLLEGE","320 PORTER AVE   BUFFALO          NY 14201","BUFFALO","NY","USA","142011084","dyc.edu",,,,,"False","A8A88FA0146483F6D1560CC3C1214D02",,"True",,,,,,,,,,,,
"0012400001DNk2IAAT","0012400001DNk2IAAT","ABILENE CHRISTIAN UNIV   301 HALBERT WALLING","1201 E. AMBLER AVE RESEARCH CENTER  ABILENE          TX 79699","ABILENE","TX","USA","79699","acu.edu",,,,,"False","A8A88FA0146483F6D1560CC3C1214D02",,"True",,,,,,,,,,,,
"0012400001DO9xHAAT","0012400001DO9xHAAT","DOC NOAA                 NWFSC/NMFS","2725 MONTLAKE BLVD E   SEATTLE          WA 98112","SEATTLE","WA","USA","981122013","noaa.gov",,,,,"False","A8A88FA0146483F6D1560CC3C1214D02",,"True",,,,,,,,,,,,
"0012400001DOFISAA5","0012400001DOFISAA5","GUILFORD TECH COM COLLEGE","601 EAST MAIN STREET GTCC - JAMESTOWN  JAMESTOWN        NC 27282","JAMESTOWN","NC","USA","272828572","gtcc.edu",,,,,"False","A8A88FA0146483F6D1560CC3C1214D02",,"True",,,,,,,,,,,,
"0012400001DNSEEAA5","0012400001DNSEEAA5","USDA                     GRAZING LABS RSRCH LAB","7207 W CHEYENNE ST   EL RENO          OK 73036","EL RENO","OK","USA","730362144","ars.usda.gov",,,,,"False","A8A88FA0146483F6D1560CC3C1214D02",,"True",,,,,,,,,,,,
"0012400001DNznGAAT","0012400001DNznGAAT","CDR PIGMENTS & DISPERSION","224 PARKER DR   BEAUFORT         SC 29906","BEAUFORT","SC","USA","299068512",,,,,,"False","A8A88FA0146483F6D1560CC3C1214D02",,"True",,,,,,,,,,,,
"0012400001DNs9rAAD","0012400001DNs9rAAD","USDA ARS CGAHR","1515 COLLEGE AVE   MANHATTAN        KS 66502","MANHATTAN","KS","USA","665022736","ars.usda.gov",,,,,"False","A8A88FA0146483F6D1560CC3C1214D02",,"True",,,,,,,,,,,,
"0012400001DNRKNAA5","0012400001DNRKNAA5","US DEPT OF AGRICULTURE   AGRICULTURAL RESEARCH SRV","5230 KONNOWAC PASS RD   WAPATO           WA 98951","WAPATO","WA","USA","989519651","ars.usda.gov",,,,,"False","A8A88FA0146483F6D1560CC3C1214D02",,"True",,,,,,,,,,,,
"0012400001DOJyFAAX","0012400001DOJyFAAX","ALBION COLLEGE           CAMPUS SERVICES","203 S HURON ST   ALBION           MI 49224","ALBION","MI","USA","492241880","albion.edu",,,,,"False","A8A88FA0146483F6D1560CC3C1214D02",,"True",,,,,,,,,,,,
"0012400001DO8VBAA1","0012400001DO8VBAA1","SAN JACINTO COLLEGE      CENTRAL","8060 SPENCER HWY MAINTENANCE BLD  PASADENA         TX 77505","PASADENA","TX","USA","77505","sjcd.edu",,,,,"False","A8A88FA0146483F6D1560CC3C1214D02",,"True",,,,,,,,,,,,
"0012400001DNWxIAAX","0012400001DNWxIAAX","LAKELAND COMMUNITY COLL  RECEIVING DEPT","7700 CLOCKTOWER DR   KIRTLAND         OH 44094","KIRTLAND","OH","USA","440945198","lakelandcc.edu",,,,,"False","A8A88FA0146483F6D1560CC3C1214D02",,"True",,,,,,,,,,,,
"0012400001DNqTAAA1","0012400001DNqTAAA1","MALCOLM X COLLEGE","1900 WEST JACKSON BLVD   CHICAGO          IL 60612","CHICAGO","IL","USA","60612","pro-chem-co.com",,,,,"False","A8A88FA0146483F6D1560CC3C1214D02",,"True",,,,,,,,,,,,
"0012400001DNvoiAAD","0012400001DNvoiAAD","CERUS CORPORATION        PB ACCOUNT","2550 STANWELL DR   CONCORD          CA 94520","CONCORD","CA","USA","945204813","tethysbio.com",,,,,"False","A8A88FA0146483F6D1560CC3C1214D02",,"True",,,,,,,,,,,,
"0012400001DNR8BAAX","0012400001DNR8BAAX","WAYNE COMMUNITY COLLEGE","3000 WAYNE MEMORIAL DR   GOLDSBORO        NC 27534","GOLDSBORO","NC","USA","275348212","waynecc.edu",,,,,"False","A8A88FA0146483F6D1560CC3C1214D02",,"True",,,,,,,,,,,,
"0012400001DNhIBAA1","0012400001DNhIBAA1","NORTHSHORE UNIVERSITY    HEALTHSYSTEM","1001 UNIVERSITY PL   EVANSTON         IL 60201","EVANSTON","IL","USA","602013137","thermofisher.com",,,,,"False","A8A88FA0146483F6D1560CC3C1214D02",,"True",,,,,,,,,,,,
"0012400001DNOGAAA5","0012400001DNOGAAA5","MANSFIELD UNIVERSITY     GRANTS SCI CTR","76 STADIUM DR   MANSFIELD        PA 16933","MANSFIELD","PA","USA","169331609",,,,,,"False","A8A88FA0146483F6D1560CC3C1214D02",,"True",,,,,,,,,,,,
"0012400001DNPBsAAP","0012400001DNPBsAAP","NIOSH                    PITTSBURGH RES LAB","626 COCHRANS MILL RD BLDG 166  PITTSBURGH       PA 15236","PITTSBURGH","PA","USA","152363611","cdc.gov",,,,,"False","A8A88FA0146483F6D1560CC3C1214D02",,"True",,,,,,,,,,,,
"0012400001DODB2AAP","0012400001DODB2AAP","BUCKS COUNTY COMM COLLEGE","275 SWAMP RD   NEWTOWN          PA 18940","NEWTOWN","PA","USA","189404106","bucks.edu",,,,,"False","A8A88FA0146483F6D1560CC3C1214D02",,"True",,,,,,,,,,,,
"0012400001DNzcoAAD","0012400001DNzcoAAD","LAWRENCE TECH UNIVERSITY","21000 W 10 MILE RD   SOUTHFIELD       MI 48075","SOUTHFIELD","MI","USA","480751058","ltu.edu",,,,,"False","A8A88FA0146483F6D1560CC3C1214D02",,"True",,,,,,,,,,,,
"0012400001DNOzIAAX","0012400001DNOzIAAX","SHAWNEE STATE UNIVERSITY","940 2ND ST   PORTSMOUTH       OH 45662","PORTSMOUTH","OH","USA","456624347","shawnee.edu",,,,,"False","A8A88FA0146483F6D1560CC3C1214D02",,"True",,,,,,,,,,,,
"0012400001DNaboAAD","0012400001DNaboAAD","TVC COMMUNICATIONS INC","800 AIRPORT RD   ANNVILLE         PA 17003","ANNVILLE","PA","USA","170039002","tvcinc.com",,,,,"False","A8A88FA0146483F6D1560CC3C1214D02",,"True",,,,,,,,,,,,
"0012400001DO4QNAA1","0012400001DO4QNAA1","CATERPILLAR INC          SOS LAB BLDG 16 LC","501 SW JEFFERSON AVE   PEORIA           IL 61605","PEORIA","IL","USA","616052546",,,,,,"False","A8A88FA0146483F6D1560CC3C1214D02",,"True",,,,,,,,,,,,
"0012400001DOGNtAAP","0012400001DOGNtAAP","OHIO NORTHERN UNIVERSITY CENTRAL RECEIVING","402 W LINCOLN AVE   ADA              OH 45810","ADA","OH","USA","458101269","onu.edu",,,,,"False","A8A88FA0146483F6D1560CC3C1214D02",,"True",,,,,,,,,,,,
"0012400001DNicVAAT","0012400001DNicVAAT","SAM HOUSTON STATE UNIV   DEPT OF AGRICULTURAL","1831 UNIVERSITY AVE THOMASON BLDG ROOM 222  HUNTSVILLE       TX 77340","HUNTSVILLE","TX","USA","77340","shsu.edu",,,,,"False","A8A88FA0146483F6D1560CC3C1214D02",,"True",,,,,,,,,,,,
"0012400001DO4fpAAD","0012400001DO4fpAAD","CORE LABS","6316 WINDFERN RD   HOUSTON          TX 77040","HOUSTON","TX","USA","770404950","corelab.com",,,,,"False","A8A88FA0146483F6D1560CC3C1214D02",,"True",,,,,,,,,,,,
"0012400001DNVaWAAX","0012400001DNVaWAAX","FRANKLIN & MARSHALL COLL F & M WAREHOUSE","415 HARRISBURG AVE   LANCASTER        PA 17603","LANCASTER","PA","USA","176032827","fandm.edu",,,,,"False","A8A88FA0146483F6D1560CC3C1214D02",,"True",,,,,,,,,,,,
"0012400001DNyksAAD","0012400001DNyksAAD","SHEPHERD UNIVERSITY","308 N PRINCESS ST BYRD SCIENCE CTR RM 208  SHEPHERDSTOWN    WV 25443","SHEPHERDSTOWN","WV","USA","25443","shepherd.edu",,,,,"False","A8A88FA0146483F6D1560CC3C1214D02",,"True",,,,,,,,,,,,
"0012400001DNkPUAA1","0012400001DNkPUAA1","ALLEGHENY COLLEGE        SCIENCE  COMPLEX","433 PARK AVE CHEMISTRY DEPARTMENT  MEADVILLE        PA 16335","MEADVILLE","PA","USA","163350001","allegheny.edu",,,,,"False","A8A88FA0146483F6D1560CC3C1214D02",,"True",,,,,,,,,,,,
"0012400001DNaGIAA1","0012400001DNaGIAA1","US DEPT OF AGRICULTURE   AGRICULTURAL RES SERV","1691 S 2700 W   ABERDEEN         ID 83210","ABERDEEN","ID","USA","832101749","ars.usda.gov",,,,,"False","A8A88FA0146483F6D1560CC3C1214D02",,"True",,,,,,,,,,,,
"0012400001DO9siAAD","0012400001DO9siAAD","US DEPT OF AGRICULTURE   FRUIT RESEARCH LAB","1104 N WESTERN AVE   WENATCHEE        WA 98801","WENATCHEE","WA","USA","988011230","ars.usda.gov",,,,,"False","A8A88FA0146483F6D1560CC3C1214D02",,"True",,,,,,,,,,,,
"0012400001DNbdxAAD","0012400001DNbdxAAD","KIOR  INC","13001 BAY PARK RD   PASADENA         TX 77507","PASADENA","TX","USA","775071101","kior.com",,,,,"False","A8A88FA0146483F6D1560CC3C1214D02",,"True",,,,,,,,,,,,
"0012400001DOAa9AAH","0012400001DOAa9AAH","DELTA AIR LINES INC","1775 AVIATION BOULEVARD   ATLANTA          GA 30320","ATLANTA","GA","USA","30320",,,,,,"False","A8A88FA0146483F6D1560CC3C1214D02",,"True",,,,,,,,,,,,
"0012400001DNMKnAAP","0012400001DNMKnAAP","DRAPER LABS","160 BROADWAY   CAMBRIDGE        MA 02139","CAMBRIDGE","MA","USA","021393563","draper.com",,,,,"False","A8A88FA0146483F6D1560CC3C1214D02",,"True",,,,,,,,,,,,
"0012400001DOH5hAAH","0012400001DOH5hAAH","USDA-ARS","2001 S ROCK RD   FORT PIERCE      FL 34945","FORT PIERCE","FL","USA","349453030","ars.usda.gov",,,,,"False","A8A88FA0146483F6D1560CC3C1214D02",,"True",,,,,,,,,,,,
"0012400001DNd9cAAD","0012400001DNd9cAAD","OHLONE COLLEGE","43600 MISSION BLVD   FREMONT          CA 94539","FREMONT","CA","USA","945395847","ohlone.edu",,,,,"False","A8A88FA0146483F6D1560CC3C1214D02",,"True",,,,,,,,,,,,
